id,created,created_date,locale,topic,tags,creator,title,question_url,os,os_raw,macos_release,tb_version,tb_version_major,mail_provider,protocol,av,num_answers,is_answered,first_answer_hours,is_solved,solved_by
1590519,2026-07-01T01:09:01.564306Z,2026-07-01,en-US,update,thunderbird;update;thunderbird-140120;thunderbird-14012;,billc1224,"Upcoming Thunderbird snap/flatpak update - no entry found for Thunderbird in ""~/.var/app/"" directory",https://support.mozilla.org/questions/1590519,os:linux,Linux/Ubuntu 24.04,,140.12.0esr/64-bit,140,,,,0,false,,False,
1590539,2026-07-01T05:13:02.576499Z,2026-07-01,nl,security,thunderbird;android;security;firefox-1520;,mroelandse62,ik wil graag mijn emails beveiligen,https://support.mozilla.org/questions/1590539,os:android,Android,,,,,,,1,true,3.48,False,
1590558,2026-07-01T09:08:27.590382Z,2026-07-01,cs,attachments,thunderbird;windows-10;attachments;thunderbird-1520;,fandovic,Chyba editoru při přeposílání (inline): Uzamčení dočasných souborů v Tempu při ukládání konceptu a odesílání,https://support.mozilla.org/questions/1590558,os:windows,Windows 10,,"152,0,1",152,,proto:smtp,,0,false,,False,
1590568,2026-07-01T10:15:28.840053Z,2026-07-01,en-US,search,thunderbird;search;thunderbird-140120;thunderbird-14012;,vilro03,Quick Filter does not return correct results in Unified Inbox,https://support.mozilla.org/questions/1590568,os:macos,Mac OS x 26.5.1,,140.12.0 ESR (aarc,140,,,,2,true,65.15,False,
1590573,2026-07-01T11:06:06.432462Z,2026-07-01,en-US,install,thunderbird;windows-11;install;,maginty,How to Download a older version of thunderbird,https://support.mozilla.org/questions/1590573,os:windows,Windows 11,,2025,,,,,2,true,1.26,False,
1590586,2026-07-01T11:48:06.746264Z,2026-07-01,nl,send-and-receive-email,linux;thunderbird;send-and-receive-email;,herbie.beekman123,Mijn pc zou spam versturen.,https://support.mozilla.org/questions/1590586,os:linux,Linux,,140.12.Oesr,140,,,,1,true,2.67,False,
1590593,2026-07-01T13:18:09.687575Z,2026-07-01,en-US,profiles,thunderbird;windows-11;profiles;thunderbird-1520;,johnalcide,Too much disk space used by Thunderbird,https://support.mozilla.org/questions/1590593,os:windows,Windows 11,,152.0,152,,,,8,true,0.9,False,
1590601,2026-07-01T14:05:14.917821Z,2026-07-01,en-US,send-and-receive-email,thunderbird;windows-10;send-and-receive-email;,admin1051,my thunderbird email has suddenly duplicated all emails in my inbox. How do I undo?,https://support.mozilla.org/questions/1590601,os:windows,Windows 10,,don't know,,,,,0,false,,False,
1590611,2026-07-01T14:45:26.857575Z,2026-07-01,en-US,customization,linux;thunderbird;customization;thunderbird-1520;thunderbird-15201;,michael168,Changing the font size/type for Message Source?,https://support.mozilla.org/questions/1590611,os:linux,Linux,,152.0.1,152,,,,0,false,,False,
1590617,2026-07-01T15:19:00.665698Z,2026-07-01,en-US,connectivity,thunderbird;connectivity;,bmontgomery0735,Thunderbird cannot connect to server,https://support.mozilla.org/questions/1590617,os:windows,Win 10,,140.42.oesr,140,,,,1,true,2.66,False,
1590618,2026-07-01T15:21:52.753708Z,2026-07-01,en-US,install,linux;beta;thunderbird;install;thunderbird-1530;,marcoshalano,When a proper repository for .deb packages will be available?,https://support.mozilla.org/questions/1590618,os:linux,Linux,,153.0b5,153,,,,0,false,,False,
1590624,2026-07-01T16:19:12.688414Z,2026-07-01,en-US,contacts,thunderbird;windows-11;contacts;firefox-1520;firefox-15204;,davel1350,all my contacts are gone,https://support.mozilla.org/questions/1590624,os:windows,Windows 11,,,,,,,1,true,3.92,False,
1590625,2026-07-01T16:19:44.833489Z,2026-07-01,en-US,email-and-messaging,windows-7;thunderbird;email-and-messaging;thunderbird-1155;thunderbird-11551;,mjt5,I need to have two different email accounts running concurrently but can't find anything in the help articles,https://support.mozilla.org/questions/1590625,os:windows,Windows 7,,115.5.1,115,,,,12,true,0.32,True,mozilla98
1590630,2026-07-01T16:40:12.391700Z,2026-07-01,en-US,install,thunderbird;windows-11;install;,thephilster,Uninstall not found... TB trying to reset to default,https://support.mozilla.org/questions/1590630,os:windows,Windows 11,,152.20,152,,,,0,false,,False,
1590634,2026-07-01T16:47:43.863121Z,2026-07-01,en-US,update,linux;thunderbird;update;thunderbird-140120;thunderbird-14012;,crobinm1,"""ESR"" change is confusing and I don't know what to do",https://support.mozilla.org/questions/1590634,os:linux,Linux,,140.12.0esr (64-bi,140,,,,1,true,1.27,False,
1590645,2026-07-01T17:31:01.797586Z,2026-07-01,en-US,email-and-messaging,thunderbird;windows-11;email-and-messaging;thunderbird-1520;thunderbird-15201;,postfach8,Unable to sign in to a Google Mail account,https://support.mozilla.org/questions/1590645,os:windows,Windows 11,,152.0.1,152,m:gmail,,,3,true,0.37,True,rednoise
1590650,2026-07-01T17:54:35.944613Z,2026-07-01,it,passwords-and-sign-in,thunderbird;windows-10;passwords-and-sign-in;thunderbird-1520;thunderbird-15201;,luca.burelli,mancato accesso al server imap.mail.yahoo.com,https://support.mozilla.org/questions/1590650,os:windows,Windows 10,,152.0.1,152,m:yahooemail;m:libero,proto:imap,,3,true,0.15,False,
1590663,2026-07-01T18:29:03.512637Z,2026-07-01,en-US,import-and-export-settings,thunderbird;windows-11;import-and-export-settings;thunderbird-1520;thunderbird-15201;,kd7cao,Export to Mobile - Mobile device doesn't capture the QR Code,https://support.mozilla.org/questions/1590663,os:windows,Windows 11,,152.0.1 and 20.0,152,,,,1,false,,False,
1590664,2026-07-01T18:29:40.710885Z,2026-07-01,en-US,customization,thunderbird;customization;thunderbird-115180;thunderbird-11518;,AMSOILDepot,A Suggestion to modify a feature in Thunderbird,https://support.mozilla.org/questions/1590664,os:windows,Windows 7 and Windows 11,,115.18.0,115,,,,1,true,0.26,False,
1590666,2026-07-01T18:53:38.539335Z,2026-07-01,en-US,email-and-messaging,thunderbird;windows-11;email-and-messaging;,dcal53,Why 2 Draft & Sent Folders,https://support.mozilla.org/questions/1590666,os:windows,Windows 11,,`152.0.1,152,,,,0,false,,False,
1590673,2026-07-01T19:25:35.048380Z,2026-07-01,en-US,install,thunderbird;install;thunderbird-1490;,mdrech1949,Is there Thunderbird mail version for iPad/ iPhone?,https://support.mozilla.org/questions/1590673,os:other,IpadOS,,149,149,,,,1,true,0.69,False,
1590687,2026-07-01T20:58:09.526045Z,2026-07-01,en-US,profiles,thunderbird;windows-11;profiles;thunderbird-1520;thunderbird-15201;,rgroth2,"Updating to Thunderbird 152.0.1 I clicked the ""new profile"" button by mistake",https://support.mozilla.org/questions/1590687,os:windows,Windows 11,,152.0.1,152,,,,2,true,0.77,True,Mapenzi
1590697,2026-07-01T21:28:14.200145Z,2026-07-01,en-US,send-and-receive-email,thunderbird;windows-10;send-and-receive-email;thunderbird-1520;,marckahn,emails move from inbox to trash by themselves,https://support.mozilla.org/questions/1590697,os:windows,Windows 10,,152.0 64 bit,152,,,,0,false,,False,
1590708,2026-07-01T23:10:02.697082Z,2026-07-01,en-US,passwords-and-sign-in,thunderbird;windows-11;passwords-and-sign-in;thunderbird-1520;thunderbird-15201;,tomherrick54,How to update changed gmail password in Thunderbird?,https://support.mozilla.org/questions/1590708,os:windows,Windows 11,,152.0.1,152,m:gmail,,,0,false,,False,
1590718,2026-07-02T01:13:27.958139Z,2026-07-02,en-US,import-and-export-email,thunderbird;windows-11;import-and-export-email;thunderbird-1520;,SuperMargz,"Accidentally moved IMAP Gmail label to Local Folders - Emails disappeared, Local Folder empty GONE EVERYWHERE!",https://support.mozilla.org/questions/1590718,os:windows,Windows 11,,152.0,152,m:gmail,proto:imap,,6,true,13.37,False,
1590737,2026-07-02T05:25:28.378999Z,2026-07-02,en-US,email-and-messaging,linux;thunderbird;email-and-messaging;,barbsinclair7,How do I close down [edited] @bigpond.com?,https://support.mozilla.org/questions/1590737,os:linux,Linux,,I don't know which,,m:icloud;m:bigpond,,,1,true,97.51,False,
1590755,2026-07-02T08:15:02.435704Z,2026-07-02,en-US,junk-mail-and-spam,thunderbird;windows-10;junk-mail-and-spam;thunderbird-14012;thunderbird-140121;,rickpd,How to run junk mail filters on a particular folder,https://support.mozilla.org/questions/1590755,os:windows,Windows 10,,140.12.1esr,140,,,,5,true,6.49,True,mozilla98
1590760,2026-07-02T08:42:10.724489Z,2026-07-02,en-US,email-and-messaging,thunderbird;windows-11;email-and-messaging;thunderbird-1520;thunderbird-15201;,cathriona.frawley,Cannot see historic emails,https://support.mozilla.org/questions/1590760,os:windows,Windows 11,,152.0.1,152,m:gandi,,,4,true,12.84,False,
1590762,2026-07-02T09:20:15.856547Z,2026-07-02,en-US,customization,thunderbird;windows-10;customization;thunderbird-115101;thunderbird-11510;,jeremyfriend2001,How to turn off threading permanently,https://support.mozilla.org/questions/1590762,os:windows,Windows 10,,115.10.1,115,,,,5,true,1.32,True,davidsk
1590765,2026-07-02T09:36:24.352373Z,2026-07-02,it,extensions,thunderbird;windows-11;extensions;thunderbird-1520;thunderbird-15201;,torielloangelo,Come aggiungere Bitdefender Antispam Toolbar come componente aggiuntivo a Thunderbird?,https://support.mozilla.org/questions/1590765,os:windows,Windows 11,,152.0.1,152,,,av:bitdefender,1,true,4.92,False,
1590771,2026-07-02T10:02:48.636906Z,2026-07-02,en-US,passwords-and-sign-in,linux;thunderbird;passwords-and-sign-in;,rchapman2,Can't sign in to Thunderbird,https://support.mozilla.org/questions/1590771,os:linux,Linux,,153,153,,,,1,true,7.42,False,
1590773,2026-07-02T10:11:23.818775Z,2026-07-02,en-US,customization,thunderbird;customization;windows-11;,pietberger,why can't i see my folders,https://support.mozilla.org/questions/1590773,os:windows,Windows 11,,latest,,,,,2,true,4.44,False,
1590775,2026-07-02T10:40:34.151361Z,2026-07-02,pt-BR,connectivity,thunderbird;windows-11;connectivity;thunderbird-1520;thunderbird-15201;,trataplan,sem conexão com o servidor,https://support.mozilla.org/questions/1590775,os:windows,Windows 11,,152.0.1,152,,,,1,true,108.89,False,
1590790,2026-07-02T12:44:43.100705Z,2026-07-02,en-US,account-management,thunderbird;account-management;thunderbird-1520;,gregory.m.bartlett,Thunderbird and GoDaddy account,https://support.mozilla.org/questions/1590790,os:linux,Linux - Arch,,152.0,152,m:microsoftemail,proto:imap;proto:smtp;proto:pop;proto:oauth,,0,false,,False,
1590791,2026-07-02T12:46:42.278213Z,2026-07-02,en-US,customization,thunderbird;customization;thunderbird-1520;,adele7,Disordered subfolders,https://support.mozilla.org/questions/1590791,os:macos,Mac OS x 10_15_7,macos:tahoe,152.,152,,,,0,false,,False,
1590794,2026-07-02T13:18:08.597422Z,2026-07-02,en-US,send-and-receive-email,windows-7;thunderbird;send-and-receive-email;,billyjojimbob,"Thunderbird/Tiscali (talktalk) emails, what server settings do I now need to get my system working again?",https://support.mozilla.org/questions/1590794,os:windows,Windows 7,,?,,m:tiscali,,,1,true,3.94,False,
1590808,2026-07-02T14:50:54.712833Z,2026-07-02,en-US,attachments,thunderbird;windows-10;attachments;thunderbird-1520;thunderbird-15201;,opilny,Forwarded attachments disappear after first IMAP draft save and subsequent saves fail with NS_ERROR_FILE_NOT_FOUND,https://support.mozilla.org/questions/1590808,os:windows,Windows 10,,152.0.1,152,,proto:imap,,1,true,1.87,False,
1590811,2026-07-02T15:03:16.445823Z,2026-07-02,en-US,email-and-messaging,thunderbird;email-and-messaging;thunderbird-1520;thunderbird-15201;,contact1307,"On a Mac, how can I restore the contents of a folder that didn't reappear after deleting inbox.msf?",https://support.mozilla.org/questions/1590811,os:macos,Mac OS Tahoe 26.5.1,,152.0.1,152,,,,6,true,1.05,False,
1590813,2026-07-02T15:21:32.600888Z,2026-07-02,en-US,contacts,thunderbird;windows-11;contacts;thunderbird-1520;thunderbird-15201;,howardkelham,We have a common email address manager@.....the old managers name continues to be displayed,https://support.mozilla.org/questions/1590813,os:windows,Windows 11,,152.0.1,152,,,,3,true,0.69,False,
1590822,2026-07-02T16:32:13.271481Z,2026-07-02,en-US,calendar,thunderbird;calendar;windows-11;thunderbird-14012;thunderbird-140121;,peter.esgard,export calender windows 11,https://support.mozilla.org/questions/1590822,os:windows,Windows 11,,140.12.1esr,140,,,,2,true,0.55,True,rednoise
1590826,2026-07-02T16:54:23.257120Z,2026-07-02,en-US,import-and-export-email,thunderbird;windows-11;import-and-export-email;thunderbird-1520;thunderbird-15201;,cathriona.frawley,Question requesting support has disappeared?,https://support.mozilla.org/questions/1590826,os:windows,Windows 11,,152.0.1,152,m:gandi,,,2,true,4.32,True,James
1590834,2026-07-02T17:18:21.534210Z,2026-07-02,en-US,passwords-and-sign-in,thunderbird;passwords-and-sign-in;thunderbird-1520;thunderbird-15201;,hfmuspro,My AOL account stopped working with Thunderbird,https://support.mozilla.org/questions/1590834,os:macos,Mac OS 15.7.7 (24G720),,152.0.1,152,m:yahooemail,,,0,false,,False,
1590836,2026-07-02T17:30:36.744487Z,2026-07-02,en-US,contacts,thunderbird;windows-11;contacts;thunderbird-1520;thunderbird-15201;,drwho1,last thunderbird upgrade destroyed my address list and my macros for the sub files== How do I get them back???,https://support.mozilla.org/questions/1590836,os:windows,Windows 11,,152.0.1,152,,,,0,false,,False,
1590841,2026-07-02T17:42:21.372059Z,2026-07-02,en-US,email-and-messaging,thunderbird;mac-os-x-1015;email-and-messaging;thunderbird-1520;thunderbird-15201;,andy218,Message list shows the wrong sender for certain emails,https://support.mozilla.org/questions/1590841,os:macos,Mac OS x 10.15,,152.0.1,152,,,,0,false,,False,
1590842,2026-07-02T17:58:12.897969Z,2026-07-02,en-US,send-and-receive-email,thunderbird;windows-11;send-and-receive-email;thunderbird-1400;,tkeating1,I cant get email on my  desk top inymore,https://support.mozilla.org/questions/1590842,os:windows,Windows 11,,140.0,140,,,,0,false,,False,
1590844,2026-07-02T18:08:56.286728Z,2026-07-02,en-US,search-tag-and-share,thunderbird;search-tag-and-share;firefox-1520;firefox-15201;,wbaur,about a week age firefox did something I guess a new verson. I went back to old verson  but it is not same,https://support.mozilla.org/questions/1590844,os:windows,Windows 10 and 7,,,,,,,0,false,,False,
1590848,2026-07-02T18:47:57.182403Z,2026-07-02,en-US,save-passwords,thunderbird;windows-11;save-passwords;thunderbird-1520;thunderbird-15201;,dcpdjp,"Continue to have ""Authentication Required"" POPup errors at startup.",https://support.mozilla.org/questions/1590848,os:windows,Windows 11,,152.0.1,152,m:gmail;m:microsoftemail;m:windstream,proto:imap,,0,false,,False,
1590850,2026-07-02T18:58:24.473760Z,2026-07-02,en-US,customization,thunderbird;customization;windows-11;,a.tierney,"Opening new messages has changed from ""one click"" to ""double click"" operation.",https://support.mozilla.org/questions/1590850,os:windows,Windows 11,,Ver 152.0.1,152,,,,6,true,7.71,False,
1590853,2026-07-02T19:07:34.484156Z,2026-07-02,en-US,email-and-messaging,thunderbird;windows-11;email-and-messaging;thunderbird-1500;thunderbird-15001;,Davekubs,Have difficulty deleting emails,https://support.mozilla.org/questions/1590853,os:windows,Windows 11,,150.0.1 (64-bit,150,,,,4,true,2.18,True,davidsk
1590855,2026-07-02T19:12:58.632220Z,2026-07-02,en-US,crashing-and-slow-performance,thunderbird;windows-11;crashing-and-slow-performance;thunderbird-14012;thunderbird-140121;,hkr3,Thunderbird wiped out the tabs of emails at the top of the page again,https://support.mozilla.org/questions/1590855,os:windows,Windows 11,,140.12.1esr,140,,,,1,true,17.52,False,
1590867,2026-07-02T20:51:23.718230Z,2026-07-02,es,email-and-messaging,thunderbird;email-and-messaging;windows-1011;thunderbird-14012;thunderbird-140121;,rdz.learsi,RASTRO DE CARPETAS,https://support.mozilla.org/questions/1590867,os:windows,Windows 10/11,,140.12.1esr (32-bi,140,,,,1,true,29.47,False,
1590874,2026-07-02T21:51:34.274770Z,2026-07-02,en-US,send-and-receive-email,thunderbird;mac-os-x-1015;send-and-receive-email;thunderbird-1520;thunderbird-15201;,evacraig,thunderbird not displaying select emails,https://support.mozilla.org/questions/1590874,os:macos,Mac OS x 10.15,,152.0.1,152,,,,1,true,11.42,False,
1590890,2026-07-02T23:19:51.896082Z,2026-07-02,en-US,install,thunderbird;install;thunderbird-140120;thunderbird-14012;,john534,"Migrating programs from one macbook to another, Thunderbird failed to migrate.",https://support.mozilla.org/questions/1590890,os:other,Tahoe 26.5.2,macos:tahoe,140.12.0esr,140,,,,9,true,1.97,True,mozilla98
1590891,2026-07-02T23:24:02.408689Z,2026-07-02,en-US,send-and-receive-email,thunderbird;windows-11;send-and-receive-email;thunderbird-1520;thunderbird-15201;,tgaldabini,Cannot connect Yahoo Mail with Thunderbird,https://support.mozilla.org/questions/1590891,os:windows,Windows 11,,152.0.1,152,m:gmail;m:yahooemail;m:comcast,,,2,true,1.36,True,rednoise
1590893,2026-07-02T23:46:13.244297Z,2026-07-02,en-US,import-and-export-email,thunderbird;windows-11;import-and-export-email;thunderbird-14012;thunderbird-140121;,taspittler,Copying account to local folders,https://support.mozilla.org/questions/1590893,os:windows,Windows 11,,140.12.1,140,m:microsoftemail,,av:bitdefender,10,true,1.93,False,
1590897,2026-07-03T00:31:59.126241Z,2026-07-03,en-US,import-and-export-email,thunderbird;windows-11;import-and-export-email;thunderbird-1520;thunderbird-15201;,gagutman1,In Thunderbird I want to collect senders of all emails in a folder into an Excel (or csv) file.,https://support.mozilla.org/questions/1590897,os:windows,Windows 11,,152.0.1,152,,,,2,true,0.09,False,
1590900,2026-07-03T01:06:16.067410Z,2026-07-03,en-US,reset-passwords,thunderbird;reset-passwords;,bamalea02,Je recherche mots pas mon gmail bamalea06 j arrive pas,https://support.mozilla.org/questions/1590900,os:other,iOS,,,,m:gmail,,,1,true,7.98,False,
1590923,2026-07-03T06:02:55.795317Z,2026-07-03,it,customization,thunderbird;customization;windows-11;firefox-1520;firefox-15204;,iasy,ovisualizzare messaggi con priorità alfabetica,https://support.mozilla.org/questions/1590923,os:windows,Windows 11,,,,,,,1,true,7.74,False,
1590948,2026-07-03T09:54:13.755870Z,2026-07-03,nl,account-management,thunderbird;windows-11;account-management;thunderbird-1520;thunderbird-15201;,nibbikfrans,Nieuw toegevoegd account heeft niet alle tabs beschikbaar bij de Accountinstellingen,https://support.mozilla.org/questions/1590948,os:windows,Windows 11,,152.0.1 64 bits,152,,,,0,false,,False,
1590955,2026-07-03T10:14:34.307444Z,2026-07-03,it,passwords-and-sign-in,thunderbird;offtopic;passwords-and-sign-in;windows-1011;thunderbird-14012;thunderbird-140121;,lorenaiessi199633,PASSWORD ERRATA,https://support.mozilla.org/questions/1590955,os:windows,Windows 10/11,,140.12.1esr,140,,,,1,true,3.5,False,
1590960,2026-07-03T10:48:42.324431Z,2026-07-03,en-US,connectivity,thunderbird;windows-11;connectivity;,kamil.chmielewski11,Brak połączenia z serwerem,https://support.mozilla.org/questions/1590960,os:windows,Windows 11,,40.12.1esr (64 bit,,,,,1,true,4.16,False,
1590971,2026-07-03T12:04:14.749544Z,2026-07-03,en-US,import-and-export-email,thunderbird;import-and-export-email;thunderbird-140120;thunderbird-14012;,peter763,How to zip & export one mail data out of 4 email accounts,https://support.mozilla.org/questions/1590971,os:linux,Linux Mint 22.3 Cinnamon,,140.12.0esr (64bit,140,,,,1,true,2.4,False,
1590986,2026-07-03T13:41:35.485074Z,2026-07-03,en-US,send-and-receive-email,thunderbird;windows-11;send-and-receive-email;thunderbird-1520;thunderbird-15201;,gm.fischermann,Demands password everytime I send mail,https://support.mozilla.org/questions/1590986,os:windows,Windows 11,,152.0.1,152,,,,1,true,65.45,False,
1590995,2026-07-03T14:07:04.812274Z,2026-07-03,en-US,app-crash,thunderbird;app-crash;thunderbird-14071;thunderbird-1407;,MarkMatis,Thunderbird deletes all e-mails when exiting. Ubuntu 22.04.5.  T'bird version 140.7.1esr(64 bit),https://support.mozilla.org/questions/1590995,os:linux,Linux Ubuntu 22.04.5,,140.7.1esr,140,,,,0,false,,False,
1591001,2026-07-03T14:51:16.374712Z,2026-07-03,en-US,junk-mail-and-spam,thunderbird;windows-11;junk-mail-and-spam;thunderbird-1520;thunderbird-15201;,simon3030,New PC Thunderbird installation - unable to right click delete files in Bin folder,https://support.mozilla.org/questions/1591001,os:windows,Windows 11,,152.0.1,152,m:gmail,proto:imap,,7,true,4.1,False,
1591005,2026-07-03T15:20:54.222651Z,2026-07-03,en-US,events,linux;thunderbird;events;thunderbird-140120;thunderbird-14012;,scrognoid1,No option for email alerts with google calendar in Thunderbird,https://support.mozilla.org/questions/1591005,os:linux,Linux,,140.12.0esr,140,,,,3,true,4.3,False,
1591006,2026-07-03T15:23:58.864686Z,2026-07-03,en-US,account-management,thunderbird;windows-11;account-management;thunderbird-1520;,lutzrm1,Changing order of Email hosts,https://support.mozilla.org/questions/1591006,os:windows,Windows 11,,152.0,152,,,,3,true,0.99,True,davidsk
1591009,2026-07-03T15:42:16.110470Z,2026-07-03,en-US,install,thunderbird;install;,rmagnotti3,Does Thunderbird run on iphone,https://support.mozilla.org/questions/1591009,os:other,iOS,,,,,,,1,true,0.65,False,
1591027,2026-07-03T17:12:05.638014Z,2026-07-03,it,email-and-messaging,thunderbird;windows-10;email-and-messaging;,studioricciardelli,recupero email,https://support.mozilla.org/questions/1591027,os:windows,Windows 10,,140.8,140,,,,11,true,1.15,True,'@next
1591028,2026-07-03T17:12:38.412027Z,2026-07-03,es,send-and-receive-email,thunderbird;send-and-receive-email;thunderbird-140120;thunderbird-14012;,emolmos,Cant add hotmail account in Thunderbird IMAP,https://support.mozilla.org/questions/1591028,os:linux,Linux Mint,,140.12.0esr,140,m:microsoftemail,proto:imap;proto:smtp;proto:pop;proto:ews,,2,true,9.06,False,
1591038,2026-07-03T18:14:14.762074Z,2026-07-03,en-US,junk-mail-and-spam,thunderbird;windows-10;junk-mail-and-spam;thunderbird-14012;thunderbird-140121;,phs1,"How do I install a junk folder in with the other folders ( inbox, drafts, sent, trash, archives) There is a junk folder ",https://support.mozilla.org/questions/1591038,os:windows,Windows 10,,140.12.1esr,140,,,,8,true,7.0,False,
1591049,2026-07-03T19:54:13.407441Z,2026-07-03,en-US,send-and-receive-email,thunderbird;windows-11;send-and-receive-email;thunderbird-1520;thunderbird-15201;,anzucker,"There is no ""send"" button appearing when I am creating an e-mail (new or reply)",https://support.mozilla.org/questions/1591049,os:windows,Windows 11,,152.0.1,152,,,,3,true,0.52,False,
1591050,2026-07-03T20:37:06.294162Z,2026-07-03,en-US,send-and-receive-email,thunderbird;windows-11;send-and-receive-email;thunderbird-1490;,VeriSuite,Outlook on T-bird not syncing to Outlook on Kindle Fire,https://support.mozilla.org/questions/1591050,os:windows,Windows 11,,149,149,m:microsoftemail,,,6,true,48.32,True,VeriSuite
1591051,2026-07-03T20:40:41.789613Z,2026-07-03,en-US,passwords-and-sign-in,thunderbird;windows-11;passwords-and-sign-in;thunderbird-1520;thunderbird-15201;,KDVallencourt,"Thunderbird won't accept the email password of a ""Roadrunner"" account.",https://support.mozilla.org/questions/1591051,os:windows,Windows 11,,152.0.1,152,m:spectrum,,,1,true,3.46,False,
1591057,2026-07-03T21:38:57.196342Z,2026-07-03,en-US,install,thunderbird;windows-10;install;thunderbird-1500;thunderbird-15002;,OverstreetENGR1,Thunderbird Error Message : Authentication Error :  Unable To Log in at Server.  150 will not install,https://support.mozilla.org/questions/1591057,os:windows,Windows 10,,150.0.2,150,,,,1,true,2.28,False,
1591060,2026-07-03T22:19:41.370561Z,2026-07-03,en-US,email-and-messaging,thunderbird;windows-11;email-and-messaging;thunderbird-1520;thunderbird-15201;,petern.ryall,Not able to get new email on Thunderbird,https://support.mozilla.org/questions/1591060,os:windows,Windows 11,,152.0.1,152,m:gmail;m:yahooemail;m:frontier,,,1,true,42.99,False,
1591062,2026-07-03T23:12:40.629064Z,2026-07-03,en-US,passwords-and-sign-in,thunderbird;windows-10;passwords-and-sign-in;,OverstreetENGR1,Thunderbird Error Message : Authentication Error :  Unable To Log in at Server.  TBird 150 will not install,https://support.mozilla.org/questions/1591062,os:windows,Windows 10,,between  148 a 152,148,,,,1,true,0.68,False,
1591095,2026-07-04T03:56:45.198493Z,2026-07-04,en-US,reset-passwords,thunderbird;reset-passwords;,bless8484is,my sitem crach help recover it,https://support.mozilla.org/questions/1591095,,,,,,,,,1,true,18.99,False,
1591106,2026-07-04T05:45:56.944375Z,2026-07-04,en-US,customization,thunderbird;customization;windows-11;thunderbird-1520;thunderbird-15201;,Flashfox,"Gmail IMAP and Thunderbird - How to delete E-mails in Gmail's ""All Mail""?",https://support.mozilla.org/questions/1591106,os:windows,Windows 11,,152.0.1,152,m:gmail,proto:imap,,1,true,1.11,False,
1591117,2026-07-04T08:05:41.916011Z,2026-07-04,it,crashing-and-slow-performance,thunderbird;windows-11;crashing-and-slow-performance;thunderbird-1520;thunderbird-15201;,barattale2015,il mio thunderbird non funziona più bene. Cosa posso fare?,https://support.mozilla.org/questions/1591117,os:windows,Windows 11,,152.0.1,152,,,,3,true,0.14,False,
1591121,2026-07-04T08:37:04.579632Z,2026-07-04,en-US,email-and-messaging,thunderbird;windows-11;email-and-messaging;thunderbird-14012;thunderbird-140121;,rummins,"when I delete a folder which is showing in a light color, message states folder is undouble. I delete it but it re appea",https://support.mozilla.org/questions/1591121,os:windows,Windows 11,,140.12.1esr,140,,,,1,true,12.88,False,
1591128,2026-07-04T09:35:50.680896Z,2026-07-04,en-US,customization,thunderbird;customization;windows-11;,amenx33,Thunderbird Calendar cannot select custom sound for reminder,https://support.mozilla.org/questions/1591128,os:windows,Windows 11,,152.01,152,,,,0,false,,False,
1591133,2026-07-04T10:12:49.131449Z,2026-07-04,it,customization,thunderbird;customization;windows-11;thunderbird-1520;thunderbird-15201;,mirolandoni,"Perché su thunderbird non vedo ""bene"" la disdetta ENI?",https://support.mozilla.org/questions/1591133,os:windows,Windows 11,,152.0.1,152,m:gmail,,,9,true,0.43,False,
1591136,2026-07-04T10:52:42.503800Z,2026-07-04,en-US,send-and-receive-email,thunderbird;windows-11;send-and-receive-email;,meemaier,when returning email i want to add cc,https://support.mozilla.org/questions/1591136,os:windows,Windows 11,,Version 152.0.1,152,,,,1,false,,True,meemaier
1591138,2026-07-04T11:08:43.516995Z,2026-07-04,en-US,import-and-export-email,thunderbird;windows-11;import-and-export-email;thunderbird-1520;thunderbird-15201;,wimmerin-grassau,"after copying the thunderbird profil from the old laptop to the new one, at one account it only showed a small part of a",https://support.mozilla.org/questions/1591138,os:windows,Windows 11,,152.0.1,152,,proto:pop,,1,true,1.31,False,
1591156,2026-07-04T12:55:28.430313Z,2026-07-04,nl,customization,thunderbird;customization;windows-11;thunderbird-1520;thunderbird-15201;,famgiesbert,Ik sla mijn emailberichten op in Thunderbird.,https://support.mozilla.org/questions/1591156,os:windows,Windows 11,,152.0.1 32 bits,152,,,,2,true,44.57,True,Mozilla-assistent
1591157,2026-07-04T12:55:48.459575Z,2026-07-04,en-US,email-and-messaging,thunderbird;email-and-messaging;,b979v6jt4k,how to permanently delete flagged emails’ for ‘Thunderbird’,https://support.mozilla.org/questions/1591157,os:macos,Mac OS x 10_15_7,,140.9,140,,,,1,true,0.13,False,
1591168,2026-07-04T14:52:11.017809Z,2026-07-04,en-US,passwords-and-sign-in,thunderbird;passwords-and-sign-in;thunderbird-14080;thunderbird-1408;,27k946fr5y,App specific password in Thunderbird,https://support.mozilla.org/questions/1591168,os:other,140.8.0,,140.8.0,140,,,,1,true,2.65,False,
1591173,2026-07-04T15:19:05.762901Z,2026-07-04,en-US,account-management,thunderbird;windows-11;account-management;thunderbird-1520;thunderbird-15201;,raykay2,Delete email,https://support.mozilla.org/questions/1591173,os:windows,Windows 11,,152.0.1,152,,,,2,true,0.57,True,christ1
1591181,2026-07-04T16:20:02.236537Z,2026-07-04,en-US,install,thunderbird;install;thunderbird-14080;thunderbird-1408;,rmagnotti3,How to re- install thunderbird,https://support.mozilla.org/questions/1591181,,,,140.8.0,140,,,,1,true,0.29,False,
1591182,2026-07-04T16:20:19.386291Z,2026-07-04,en-US,passwords-and-sign-in,thunderbird;windows-11;passwords-and-sign-in;thunderbird-102120;thunderbird-10212;,qd9x7mcf2d,could not get OAuth2 for hostname = mail.comcast.net,https://support.mozilla.org/questions/1591182,os:windows,Windows 11,,102.12.0.exe,102,m:comcast,proto:oauth,,1,true,0.72,False,
1591184,2026-07-04T16:39:03.190079Z,2026-07-04,en-US,junk-mail-and-spam,thunderbird;windows-11;junk-mail-and-spam;thunderbird-1520;thunderbird-15201;,rudolf.weinzierl-landshut,Probleme bei Umstellung von POP auf IMAP,https://support.mozilla.org/questions/1591184,os:windows,Windows 11,,152.0.1,152,m:tonline,proto:imap;proto:pop,av:eset,1,true,21.65,False,
1591185,2026-07-04T16:40:19.994975Z,2026-07-04,en-US,crashing-and-slow-performance,thunderbird;windows-10;crashing-and-slow-performance;thunderbird-14012;thunderbird-140121;,mike_bcd,Funny  text with colours on Thunderbird,https://support.mozilla.org/questions/1591185,os:windows,Windows 10,,140.12.1esr 64-bit,140,,,,2,true,0.74,False,
1591206,2026-07-04T18:21:46.372138Z,2026-07-04,en-US,passwords-and-sign-in,thunderbird;windows-11;passwords-and-sign-in;thunderbird-14012;thunderbird-140121;,davet70,"Another ""Thunderbird Wont Accept Password Thread""  2026",https://support.mozilla.org/questions/1591206,os:windows,Windows 11,,140.12.1esr,140,,,,2,true,0.49,True,rednoise
1591216,2026-07-04T20:00:15.193645Z,2026-07-04,en-US,customization,thunderbird;customization;windows-11;thunderbird-1520;thunderbird-15201;,tomengle2,integrate thunderbird email into the firefox menu,https://support.mozilla.org/questions/1591216,os:windows,Windows 11,,152.0.1,152,m:gmail,,,2,true,1.84,True,rednoise
1591219,2026-07-04T20:19:03.787186Z,2026-07-04,en-US,send-and-receive-email,thunderbird;send-and-receive-email;windows-1011;thunderbird-14012;thunderbird-140121;,gezelterrl,SEND and SEND LATER Buttons Disappeared from Compose Message (Thunderbird 140.12.1esr (64-bit),https://support.mozilla.org/questions/1591219,os:windows,Windows 10/11,,140.12.1esr (64bit,140,,,,3,true,2.92,False,
1591223,2026-07-04T20:46:41.753031Z,2026-07-04,en-US,customization,thunderbird;customization;windows-11;thunderbird-1520;thunderbird-15201;,u4944929066,Messages layout,https://support.mozilla.org/questions/1591223,os:windows,Windows 11,,152.0.1,152,,,,2,true,1.98,False,
1591225,2026-07-04T21:09:57.426988Z,2026-07-04,it,connectivity,thunderbird;connectivity;thunderbird-1520;thunderbird-15201;,gemma.mar,Thunderbird all'avvio apre pagine del browser,https://support.mozilla.org/questions/1591225,os:macos,Mac OS Sequoia 15.7.7,,152.0.1,152,m:microsoftemail,,,2,true,9.31,False,
1591227,2026-07-04T21:20:40.198260Z,2026-07-04,en-US,profiles,windows-7;thunderbird;profiles;,rfaurot,"In starting Thunderbird, the profile I used was accidentally deleted....how do I restore that?",https://support.mozilla.org/questions/1591227,os:windows,Windows 7,,1111,,,,,7,true,0.24,False,
1591234,2026-07-04T23:26:26.954856Z,2026-07-04,en-US,passwords-and-sign-in,thunderbird;windows-11;passwords-and-sign-in;thunderbird-14012;thunderbird-140121;,9154dpaaj300,ログイン出来ない状態になりました。 (locked duplicate),https://support.mozilla.org/questions/1591234,os:windows,Windows 11,,140.12.1esr,140,,,,2,true,11.27,False,
1591258,2026-07-05T03:27:58.548718Z,2026-07-05,en-US,email-and-messaging,thunderbird;windows-10;email-and-messaging;firefox-1520;firefox-15204;,rayb.norrie,i cant find my server to change to SMTP,https://support.mozilla.org/questions/1591258,os:windows,Windows 10,,,,,proto:smtp,,1,true,7.43,False,
1591273,2026-07-05T05:52:05.890034Z,2026-07-05,cs,account-management,thunderbird;android;firefox-1170;account-management;,trabura,přidání uctu do Thunderbird,https://support.mozilla.org/questions/1591273,os:android,Android,,,,,,,3,true,7.36,False,
1591275,2026-07-05T06:33:00.706032Z,2026-07-05,en-US,passwords-and-sign-in,thunderbird;windows-11;passwords-and-sign-in;thunderbird-14012;thunderbird-140121;,jimbo.richmond,No longer able to connect to gmail.,https://support.mozilla.org/questions/1591275,os:windows,Windows 11,,140.12.1esr,140,m:gmail,,,1,true,1.05,False,
1591284,2026-07-05T08:47:01.168558Z,2026-07-05,en-US,send-and-receive-email,thunderbird;windows-11;send-and-receive-email;thunderbird-1520;thunderbird-15201;,dzd02014,認証エラーがでてメールが開かない。Niftyでは認証してます。確認済み,https://support.mozilla.org/questions/1591284,os:windows,Windows 11,,152.0.1,152,,,,3,true,1.6,False,
1591293,2026-07-05T11:11:32.533672Z,2026-07-05,en-US,import-and-export-email,thunderbird;import-and-export-email;windows-1011;thunderbird-1520;thunderbird-15201;,allan.rusden,Lost emails after updating,https://support.mozilla.org/questions/1591293,os:windows,Windows 10/11,,152.0.1  64 bit,152,,,,2,true,2.49,False,
1591294,2026-07-05T11:17:26.178938Z,2026-07-05,en-US,security,thunderbird;windows-11;security;thunderbird-140120;thunderbird-14012;,stuart.dobson46,Login bypassing password,https://support.mozilla.org/questions/1591294,os:windows,Windows 11,,140.12.0 esr 64bit,140,,,,0,false,,False,
1591297,2026-07-05T11:33:05.321033Z,2026-07-05,en-US,junk-mail-and-spam,thunderbird;junk-mail-and-spam;windows-1011;,alanwindebank,old deleted emails,https://support.mozilla.org/questions/1591297,os:windows,Windows 10/11,,140.12,140,,,,1,true,4.89,False,
1591303,2026-07-05T12:46:41.107551Z,2026-07-05,it,junk-mail-and-spam,thunderbird;windows-10;junk-mail-and-spam;,markfio49,"Su un account mi compare doppa la cartella ""Spam"".",https://support.mozilla.org/questions/1591303,os:windows,Windows 10,,Eclipse 152.0.1,152,,,,1,true,2.94,False,
1591312,2026-07-05T14:32:10.776776Z,2026-07-05,it,import-and-export-email,thunderbird;windows-10;import-and-export-email;thunderbird-14012;thunderbird-140121;,studioricciardelli,email cancellate,https://support.mozilla.org/questions/1591312,os:windows,Windows 10,,140.12.1esr,140,,,,1,true,0.09,False,
1591314,2026-07-05T14:39:06.468608Z,2026-07-05,en-US,send-and-receive-email,thunderbird;windows-10;send-and-receive-email;thunderbird-14012;thunderbird-140121;,greyt-dog,connection to server pop.mail.yahoo.com timed out,https://support.mozilla.org/questions/1591314,os:windows,Windows 10,,140.12.1esr,140,m:yahooemail,proto:pop,,3,true,4.71,True,greyt-dog
1591340,2026-07-05T17:16:07.041957Z,2026-07-05,it,junk-mail-and-spam,thunderbird;windows-10;junk-mail-and-spam;thunderbird-12850;thunderbird-1285;,robmasciotti,un mittente sostiene che il mio indirizzo respinge le mail a me destinate,https://support.mozilla.org/questions/1591340,os:windows,Windows 10,,128.5.0esr 32 bit,128,m:yahooemail,,,1,true,1.89,True,'@next
1591346,2026-07-05T17:38:25.091943Z,2026-07-05,en-US,send-and-receive-email,thunderbird;windows-11;send-and-receive-email;thunderbird-1520;thunderbird-15201;,christopherporter04,Yahoo mail not being downloaded to Thunderbird.,https://support.mozilla.org/questions/1591346,os:windows,Windows 11,,152.0.1,152,m:gmail;m:microsoftemail;m:yahooemail,proto:imap;proto:pop,,1,true,1.33,False,
1591347,2026-07-05T17:54:56.468000Z,2026-07-05,en-US,passwords-and-sign-in,thunderbird;windows-11;passwords-and-sign-in;thunderbird-1520;thunderbird-15201;,tomherrick54,Sign-in problem with gmail account after changing password,https://support.mozilla.org/questions/1591347,os:windows,Windows 11,,152.0.1,152,m:gmail,,,2,true,0.81,True,rednoise
1591359,2026-07-05T19:32:56.959362Z,2026-07-05,en-US,send-and-receive-email,thunderbird;windows-11;send-and-receive-email;thunderbird-14012;thunderbird-140121;,chasjones,"Recently, I have been getting many, many popups with ""Login to server pop.mindspring.com"" failed ...retry.. ????",https://support.mozilla.org/questions/1591359,os:windows,Windows 11,,140.12.1esr (64-bi,140,,proto:pop,,0,false,,False,
1591375,2026-07-05T21:34:41.659161Z,2026-07-05,en-US,send-and-receive-email,thunderbird;send-and-receive-email;thunderbird-140120;thunderbird-14012;,Victoria-nola,ERROR:  Unable to write the email to the mailbox,https://support.mozilla.org/questions/1591375,os:windows,Windows 11 Pro,,140.12.0esr (64-bi,140,m:gmail,proto:pop,,2,true,9.22,True,siffemoz
1591405,2026-07-06T02:38:45.446963Z,2026-07-06,en-US,send-and-receive-email,thunderbird;windows-10;send-and-receive-email;,yokoyama1610,Xサーバーで、メール設定しましたが、WEBメールは送信可、通常送信不可、受信OK、何度設定しても不可,https://support.mozilla.org/questions/1591405,os:windows,Windows 10,,,,,,,1,true,3.46,False,
1591417,2026-07-06T06:14:42.213077Z,2026-07-06,en-US,search,thunderbird;windows-10;search;thunderbird-14012;thunderbird-140121;,'-PSi-,How to prevent Thunderbird message search (ctrl+F) from continuing from the top?,https://support.mozilla.org/questions/1591417,os:windows,Windows 10,,140.12.1esr,140,,,,1,true,0.44,False,
1591418,2026-07-06T06:25:48.378992Z,2026-07-06,it,email-and-messaging,thunderbird;windows-11;email-and-messaging;thunderbird-1520;thunderbird-15201;,lanfranchi.p,"Pulsante ""Esegui ora"" del filtro messaggi non disponibile",https://support.mozilla.org/questions/1591418,os:windows,Windows 11,,152.0.1,152,,,,2,true,0.89,False,
1591419,2026-07-06T06:26:07.387595Z,2026-07-06,en-US,send-and-receive-email,thunderbird;send-and-receive-email;thunderbird-115101;thunderbird-11510;,dkaroly,Error message: Sending of password for user did not succeed. Mail server pop.earthlink.net responded: Internal error,https://support.mozilla.org/questions/1591419,os:macos,Mac OS 14.8.7 (Sonoma),,115.10.1,115,m:earthlink,proto:pop,,0,false,,False,
1591425,2026-07-06T07:36:35.870278Z,2026-07-06,en-US,send-and-receive-email,thunderbird;mac-os-x-1015;send-and-receive-email;,roland.leyri,"lorsque je tranfère un mail, la police devient illisible et il est impossible de rajouter un commentaire, comment reveni",https://support.mozilla.org/questions/1591425,os:macos,Mac OS x 10.15,,140.12,140,,,,1,false,,False,
1591432,2026-07-06T08:22:14.374116Z,2026-07-06,nl,attachments,thunderbird;windows-11;attachments;thunderbird-1520;thunderbird-15201;,Rob.Hartman,code-uitvoering kan niet worden voortgezet,https://support.mozilla.org/questions/1591432,os:windows,Windows 11,,152.0.1,152,,,,1,true,1.43,False,
1591433,2026-07-06T08:25:16.245810Z,2026-07-06,en-US,accessibility,thunderbird;accessibility;windows-11;,gary.s.shaw,Thunderbird Calendar New Events font size is too small,https://support.mozilla.org/questions/1591433,os:windows,Windows 11,,152.0.4,152,m:shaw,,,0,false,,False,
1591437,2026-07-06T08:55:34.570145Z,2026-07-06,en-US,send-and-receive-email,thunderbird;send-and-receive-email;thunderbird-7843;thunderbird-784;,minkov.r,Проблема с открытием новых писем,https://support.mozilla.org/questions/1591437,os:windows,Windows 7-11,,78.4.3,,,proto:imap,,0,false,,False,
1591438,2026-07-06T08:56:11.179812Z,2026-07-06,it,import-and-export-email,thunderbird;needsinfo;import-and-export-email;thunderbird-1520;,dmichelacci,E-mail scompaiono da thunderbird,https://support.mozilla.org/questions/1591438,,,,152,152,,,,2,true,0.35,False,
1591444,2026-07-06T09:28:36.914946Z,2026-07-06,en-US,send-and-receive-email,thunderbird;windows-10;send-and-receive-email;thunderbird-1520;thunderbird-15201;,austriia,"disabling synchronization didn't work, mails are download with content",https://support.mozilla.org/questions/1591444,os:windows,Windows 10,,152.0.1,152,,proto:imap,,0,false,,False,
1591446,2026-07-06T09:35:51.355318Z,2026-07-06,en-US,customization,thunderbird;customization;,hi72,Where are card body previews in Thunderbird?,https://support.mozilla.org/questions/1591446,,,,every version,,,,,1,true,16.19,False,
1591450,2026-07-06T10:55:15.544972Z,2026-07-06,en-US,send-and-receive-email,thunderbird;windows-11;send-and-receive-email;,stefan.barnsteiner,"Since the update, I can't receive or send emails from T-Online?",https://support.mozilla.org/questions/1591450,os:windows,Windows 11,,Es ist ein Fehler,,m:tonline,,,1,true,8.51,False,
1591454,2026-07-06T12:11:26.838997Z,2026-07-06,en-US,accessibility,thunderbird;accessibility;windows-11;firefox-1520;firefox-15204;,DrDively,"Creating a folder for ""flagged"" emails -Thunderbird desktop Windows 11",https://support.mozilla.org/questions/1591454,os:windows,Windows 11,,,,,,,0,false,,False,
1591459,2026-07-06T12:31:39.556819Z,2026-07-06,en-US,customization,beta;thunderbird;customization;windows-11;thunderbird-1460;,v0g0n,Can't change notification sound file,https://support.mozilla.org/questions/1591459,os:windows,Windows 11,,146.0b2,146,,,,4,true,6.21,False,
1591468,2026-07-06T13:56:17.863911Z,2026-07-06,en-US,customization,thunderbird;customization;windows-11;thunderbird-14012;thunderbird-140121;,wam150030.utdallas,How can I set TB 140.12.1 esr (64-bit) Thunderbird Windows MSIX package thunderbird-MSIX - 1.0 to Classic Reader by defa,https://support.mozilla.org/questions/1591468,os:windows,Windows 11,,140.12.1esr,140,,,,9,true,2.52,False,
1591478,2026-07-06T15:00:42.568522Z,2026-07-06,en-US,app-crash,thunderbird;windows-11;app-crash;thunderbird-1500;,dwtucker19,THUNDERBID CRASHES WITH WINDOWS 11 (locked duplicate),https://support.mozilla.org/questions/1591478,os:windows,Windows 11,,150,150,,,,2,true,14.01,False,
1591480,2026-07-06T15:17:44.826051Z,2026-07-06,en-US,customization,thunderbird;customization;windows-11;,northsidecab1985,i do not want to save every email but it is difficult to delete emails twice one at a time.,https://support.mozilla.org/questions/1591480,os:windows,Windows 11,,152.0.4,152,,,,3,true,1.12,False,
1591486,2026-07-06T15:34:59.326464Z,2026-07-06,es,email-and-messaging,thunderbird;windows-11;email-and-messaging;,jorgepch,"Intermittent and arbitrary loading issues with IMAP folders (Sent, Drafts) in Gmail account",https://support.mozilla.org/questions/1591486,os:windows,Windows 11,,Version 152.0.1,152,m:gmail,proto:imap;proto:pop,,0,false,,False,
1591510,2026-07-06T18:25:25.198833Z,2026-07-06,es,email-and-messaging,thunderbird;email-and-messaging;windows-1011;thunderbird-14012;thunderbird-140121;,cruzcpt,Restaurar cuenta de correo,https://support.mozilla.org/questions/1591510,os:windows,Windows 10/11,,140.12.1esr,140,,,,1,true,3.18,False,
1591511,2026-07-06T18:29:42.322381Z,2026-07-06,en-US,customization,thunderbird;customization;mac-os-x-1015;firefox-1520;firefox-15204;,abzap,Can not change size or color of fonts in messages,https://support.mozilla.org/questions/1591511,os:macos,Mac OS x 10.15,,,,,,,0,false,,False,
1591514,2026-07-06T18:38:08.986751Z,2026-07-06,en-US,customization,thunderbird;customization;mac-os-x-1015;thunderbird-1520;thunderbird-15201;,cedarpools,"Email set to descend (newest on top) and same for email threads, not working.",https://support.mozilla.org/questions/1591514,os:macos,Mac OS x 10.15,,152.0.1,152,,,,6,true,0.26,False,
1591522,2026-07-06T19:45:33.857327Z,2026-07-06,en-US,tags,thunderbird;tags;thunderbird-1520;thunderbird-15201;,malcolmpalm,How can I add another Tag filter button on top of the messages pane?,https://support.mozilla.org/questions/1591522,os:macos,Mac OS x 10_15_7,,152.0.1,152,,,,0,false,,False,
1591525,2026-07-06T20:08:25.098989Z,2026-07-06,en-US,customization,thunderbird;windows-10;customization;thunderbird-14012;thunderbird-140121;,westief,Links in Thunderbird messages on computer are opened in Firebox on an external monitor and not Thunderbird.,https://support.mozilla.org/questions/1591525,os:windows,Windows 10,,140.12.1esr,140,,,,0,false,,False,
1591532,2026-07-06T20:36:16.170128Z,2026-07-06,en-US,email-and-messaging,thunderbird;windows-11;email-and-messaging;,Haymore37,"Folders I created have disappeared and only a few such as inbox, sent, deleted are left.",https://support.mozilla.org/questions/1591532,os:windows,Windows 11,,Version 140.12.1es,140,,,,0,false,,False,
1591533,2026-07-06T20:46:04.377641Z,2026-07-06,en-US,install,thunderbird;windows-11;install;thunderbird-1520;thunderbird-15201;,xltrader100,Thunderbird won't install on Windows,https://support.mozilla.org/questions/1591533,os:windows,Windows 11,,152.0.1,152,,,,0,false,,False,
1591539,2026-07-06T21:31:41.918651Z,2026-07-06,en-US,attachments,thunderbird;windows-11;attachments;thunderbird-1520;,seanglenwoodsystems,Couldn't forward attachment which I received.,https://support.mozilla.org/questions/1591539,os:windows,Windows 11,,152.0,152,,,,1,true,10.53,False,
1591543,2026-07-06T21:59:33.176982Z,2026-07-06,en-US,send-and-receive-email,thunderbird;windows-10;send-and-receive-email;thunderbird-14012;thunderbird-140121;,jamesdaugherty366,"Thunderbird shows email messages from the wrong account; Sending email ""Request failed: Mailbox unavailable""",https://support.mozilla.org/questions/1591543,os:windows,Windows 10,,140.12.1esr,140,m:yahooemail,,,0,false,,False,
1591550,2026-07-06T23:01:23.795901Z,2026-07-06,en-US,search,thunderbird;windows-11;search;,acampbell012,Copying a saved search in Thunderbird,https://support.mozilla.org/questions/1591550,os:windows,Windows 11,,140.12,140,,,,1,true,2.65,False,
1591563,2026-07-07T01:57:55.607530Z,2026-07-07,en-US,contacts,thunderbird;windows-10;contacts;thunderbird-12842;thunderbird-1284;,zwrdl,Importing my contacts from previous version of Thunderbird,https://support.mozilla.org/questions/1591563,os:windows,Windows 10,,128.4.2esr (64-bit,128,,,,1,true,0.18,False,
1591575,2026-07-07T03:25:53.288326Z,2026-07-07,en-US,passwords-and-sign-in,thunderbird;windows-11;passwords-and-sign-in;thunderbird-1520;thunderbird-15201;,merkerguitars,Authentication error with centurylink.net email,https://support.mozilla.org/questions/1591575,os:windows,Windows 11,,152.0.1,152,m:centurylink,,,1,true,36.19,False,
1591589,2026-07-07T06:23:53.883783Z,2026-07-07,en-US,send-and-receive-email,thunderbird;windows-11;send-and-receive-email;thunderbird-1520;,tamura4,受信したばかりのメッセージが突然消えたのは何故か,https://support.mozilla.org/questions/1591589,os:windows,Windows 11,,152.0,152,,,,0,false,,False,
1591590,2026-07-07T06:25:32.262176Z,2026-07-07,en-US,send-and-receive-email,thunderbird;windows-10;send-and-receive-email;,grampppeter2,have the last days problems with my mail,https://support.mozilla.org/questions/1591590,os:windows,Windows 10,,?,,,,,0,false,,False,
1591598,2026-07-07T07:08:35.206893Z,2026-07-07,nl,send-and-receive-email,thunderbird;windows-11;send-and-receive-email;,groenvis43,inbox en uitbox functioneren niet,https://support.mozilla.org/questions/1591598,os:windows,Windows 11,,15.01,,m:sfr,,,1,true,3.98,True,Mozilla-assistent
1591610,2026-07-07T08:06:41.467070Z,2026-07-07,en-US,undefined,windows;thunderbird;undefined;thunderbird-1400;,shelanmahmood,Would like a refund,https://support.mozilla.org/questions/1591610,os:windows,Windows,,140,140,,,,1,true,10.61,False,
1591612,2026-07-07T08:23:31.063315Z,2026-07-07,en-US,passwords-and-sign-in,thunderbird;windows-11;passwords-and-sign-in;,jrtmax0621,パスワード,https://support.mozilla.org/questions/1591612,os:windows,Windows 11,,152.01,152,,proto:pop,,0,false,,False,
1591618,2026-07-07T09:37:04.289538Z,2026-07-07,en-US,customization,thunderbird;customization;thunderbird-1520;thunderbird-15201;,xinfo,"Thunderbird links open in a new, clean Edge profile instead of my Default profile",https://support.mozilla.org/questions/1591618,os:windows,Windows 11 25H2,,152.0.1 Stable,152,,,,0,false,,False,
1591621,2026-07-07T09:57:36.080518Z,2026-07-07,en-US,crashing-and-slow-performance,thunderbird;windows-11;crashing-and-slow-performance;thunderbird-14012;thunderbird-140121;,paul.sansom7,Thunderbird is saying I don't have enough memory to compact. I've deleted loads. Deleted applications but still no space,https://support.mozilla.org/questions/1591621,os:windows,Windows 11,,140.12.1esr (32-bi,140,,,,1,true,7.4,False,
1591623,2026-07-07T10:12:23.301769Z,2026-07-07,en-US,customization,thunderbird;customization;windows-1011;thunderbird-1520;thunderbird-15201;,Joerg.Geissler,Adding items to the files & attachment section,https://support.mozilla.org/questions/1591623,os:windows,Windows 10/11,,152.0.1,152,,,,2,true,9.36,True,Joerg.Geissler
1591631,2026-07-07T11:55:23.757809Z,2026-07-07,en-US,passwords-and-sign-in,thunderbird;windows-11;passwords-and-sign-in;thunderbird-1520;thunderbird-15201;,MilusC1,"Thunderbird says my AOL password is wrong, it is not",https://support.mozilla.org/questions/1591631,os:windows,Windows 11,,152.0.1,152,m:yahooemail,,,5,true,6.23,False,
1591636,2026-07-07T13:09:35.358242Z,2026-07-07,pt-BR,send-and-receive-email,thunderbird;windows-11;send-and-receive-email;thunderbird-1520;,villyalmeida,Erro no servidor de saída (SMTP) Terra Mail,https://support.mozilla.org/questions/1591636,os:windows,Windows 11,,152.0,152,,proto:smtp,,0,false,,False,
1591650,2026-07-07T14:35:07.260595Z,2026-07-07,en-US,search,thunderbird;search;thunderbird-14012;thunderbird-140121;,dannygarside,Searching by domain - issue?,https://support.mozilla.org/questions/1591650,os:linux,"Linux, Ubuntu 24.04.4 LTS",,140.12.1esr (64-bi,140,m:btinternet,,,1,true,3.46,False,
1591660,2026-07-07T15:10:26.658558Z,2026-07-07,en-US,email-and-messaging,thunderbird;windows-10;email-and-messaging;thunderbird-1500;thunderbird-15002;,OverstreetENGR1,Mozilla Thunderbird Will Not Install on Win10 Machines ... The Auto Settings Algorithm has issues.,https://support.mozilla.org/questions/1591660,os:windows,Windows 10,,150.0.2,150,,,,0,false,,False,
1591664,2026-07-07T15:23:19.836219Z,2026-07-07,en-US,account-management,thunderbird;windows-11;account-management;thunderbird-1520;thunderbird-15201;,ges74,Unified folder listing shows one account but not another?,https://support.mozilla.org/questions/1591664,os:windows,Windows 11,,152.0.1,152,m:gmail,,,2,true,1.28,False,
1591677,2026-07-07T16:17:11.769704Z,2026-07-07,en-US,update,thunderbird;windows-11;update;thunderbird-1520;thunderbird-15201;,RedJock_46,Not prompted/notified for Thunderbird Update,https://support.mozilla.org/questions/1591677,os:windows,Windows 11,,152.0.1,152,,,,2,true,1.1,False,
1591678,2026-07-07T16:18:13.782637Z,2026-07-07,en-US,reset-passwords,thunderbird;windows-10;reset-passwords;,dvader,need to change the password to thunderbird,https://support.mozilla.org/questions/1591678,os:windows,Windows 10,,mozilla thunderbir,,,,,1,true,1.96,False,
1591691,2026-07-07T17:31:49.503720Z,2026-07-07,en-US,email-and-messaging,thunderbird;windows-10;email-and-messaging;thunderbird-1520;thunderbird-15201;,doris26,The send tab is missing,https://support.mozilla.org/questions/1591691,os:windows,Windows 10,,152.0.1,152,,,,1,true,6.09,False,
1591694,2026-07-07T17:46:57.967703Z,2026-07-07,en-US,email-and-messaging,thunderbird;windows-11;email-and-messaging;thunderbird-14012;thunderbird-140121;,jeffry.lester,Can no longer drag and drop an email message from inbox to any other folder.,https://support.mozilla.org/questions/1591694,os:windows,Windows 11,,140.12.1esr,140,,,,0,false,,False,
1591695,2026-07-07T17:51:30.699159Z,2026-07-07,en-US,send-and-receive-email,thunderbird;windows-11;send-and-receive-email;thunderbird-1520;thunderbird-15201;,redarrow1,"after the June 30 update I stopped getting email, I keep getting a certificate error.",https://support.mozilla.org/questions/1591695,os:windows,Windows 11,,152.0.1,152,,,,0,false,,False,
1591697,2026-07-07T18:11:56.122980Z,2026-07-07,en-US,customization,thunderbird;windows-10;customization;,007jamesbridge,I can no longer find how to insert a background image for stationery per account.,https://support.mozilla.org/questions/1591697,os:windows,Windows 10,,,,,,,1,true,6.01,False,
1591698,2026-07-07T18:14:21.615994Z,2026-07-07,en-US,email-and-messaging,thunderbird;windows-10;email-and-messaging;thunderbird-1500;thunderbird-15002;,OverstreetENGR1,Cannot Install ThunderBird Anymore ... Juno Email Accounts ... Past 5 Win10 Machines ... What to do ?,https://support.mozilla.org/questions/1591698,os:windows,Windows 10,,150.0.2,150,,proto:imap;proto:smtp;proto:pop,,2,true,5.47,False,
1591709,2026-07-07T18:57:40.015373Z,2026-07-07,en-US,email-and-messaging,thunderbird;ubuntu;email-and-messaging;thunderbird-14012;thunderbird-140121;,marianne30,unable to delete,https://support.mozilla.org/questions/1591709,os:linux,Ubuntu,,140.12.1esr-1,140,,,,1,true,12.86,False,
1591719,2026-07-07T20:07:13.862346Z,2026-07-07,en-US,customization,thunderbird;customization;windows-11;thunderbird-1520;thunderbird-15201;,amdx,"I have two emails, when I click 'New Message' one email has a line below the subject line that allows me to set Paragrap",https://support.mozilla.org/questions/1591719,os:windows,Windows 11,,152.0.1 64 bit,152,,,,1,true,0.69,False,
1591728,2026-07-07T20:46:09.825223Z,2026-07-07,en-US,import-and-export-email,thunderbird;windows-11;import-and-export-email;thunderbird-1520;thunderbird-15201;,martynjones,Why are read emails not in my inbox following an import of an exported profile,https://support.mozilla.org/questions/1591728,os:windows,Windows 11,,152.0.1 64 bit,152,,proto:pop,,3,true,3.25,True,davidsk
1591731,2026-07-07T20:53:39.761555Z,2026-07-07,en-US,account-management,thunderbird;windows-11;account-management;thunderbird-14012;thunderbird-140121;,dunmark,Is my Thunderbird account IMAP or POP3?,https://support.mozilla.org/questions/1591731,os:windows,Windows 11,,140.12.1esr,140,,proto:imap;proto:pop,,9,true,2.86,False,
1591732,2026-07-07T20:57:57.946930Z,2026-07-07,en-US,email-and-messaging,thunderbird;windows-11;email-and-messaging;,racox,sort inbox by sender,https://support.mozilla.org/questions/1591732,os:windows,Windows 11,,150.01b,150,,,,2,true,2.82,False,
1591733,2026-07-07T21:11:43.788805Z,2026-07-07,en-US,send-and-receive-email,thunderbird;windows-11;send-and-receive-email;thunderbird-1520;thunderbird-15201;,rokesting,Sent email folder is not showing updated sent emails any longer,https://support.mozilla.org/questions/1591733,os:windows,Windows 11,,152.0.1,152,m:gmail,,,0,false,,False,
1591740,2026-07-07T22:41:50.811208Z,2026-07-07,en-US,reset-passwords,thunderbird;android;reset-passwords;firefox-1510;,m.sergio20,need to use my account got locked out no mail,https://support.mozilla.org/questions/1591740,os:android,Android,,,,,,,0,false,,False,
1591754,2026-07-08T03:26:23.393724Z,2026-07-08,en-US,import-and-export-email,thunderbird;windows-11;import-and-export-email;,m.k0517miho.k,新しいパソコンでThunderbirdメールを見たい。,https://support.mozilla.org/questions/1591754,os:windows,Windows 11,,？,,,,,1,false,,False,
1591762,2026-07-08T05:11:53.190433Z,2026-07-08,en-US,account-management,thunderbird;windows-11;account-management;thunderbird-1520;thunderbird-15201;,e8n2,"Even with verions 152.01, Oauth for smtp through Yahoo.com is not an available choice on this particular computer.  All ",https://support.mozilla.org/questions/1591762,os:windows,Windows 11,,152.0.1,152,m:yahooemail;m:att;m:bell,proto:smtp;proto:oauth,,1,true,13.3,False,
1591765,2026-07-08T06:02:37.634386Z,2026-07-08,en-US,extensions,thunderbird;windows-11;extensions;thunderbird-1520;thunderbird-15201;,kaufmann,TB152.0.1 (Windows 11 64-bit) add-ons/extensions not working,https://support.mozilla.org/questions/1591765,os:windows,Windows 11,,152.0.1,152,,,,1,true,1.64,False,
1591778,2026-07-08T07:17:57.276149Z,2026-07-08,en-US,contacts,thunderbird;mac-os-x-1015;contacts;thunderbird-1520;,rocjet,Mail Merge Variables - Most Not Working Since 151/152,https://support.mozilla.org/questions/1591778,os:macos,Mac OS x 10.15,,152,152,,,,1,false,,True,rocjet
1591784,2026-07-08T07:58:42.085907Z,2026-07-08,it,send-and-receive-email,thunderbird;windows-10;send-and-receive-email;thunderbird-14012;thunderbird-140121;,roberto.brindisi95,connessione al server non riuscita,https://support.mozilla.org/questions/1591784,os:windows,Windows 10,,140.12.1esr,140,,,,3,true,3.45,False,
1591787,2026-07-08T08:14:19.044983Z,2026-07-08,en-US,connectivity,thunderbird;connectivity;thunderbird-1520;,doriem,"Issues, when server is not availble",https://support.mozilla.org/questions/1591787,os:linux,Arch Linux,,152.0,152,,,,0,false,,False,
1591788,2026-07-08T08:14:41.121317Z,2026-07-08,en-US,send-and-receive-email,thunderbird;windows-11;send-and-receive-email;thunderbird-14012;thunderbird-140121;,rummins,Automatically deleting emails from server when downloaded into Thunderbird,https://support.mozilla.org/questions/1591788,os:windows,Windows 11,,140.12.1esr,140,,,,4,true,1.51,False,
1591795,2026-07-08T09:22:34.532675Z,2026-07-08,it,send-and-receive-email,thunderbird;windows-10;send-and-receive-email;thunderbird-14012;thunderbird-140121;,ronilink,Impossibile inviare messaggi,https://support.mozilla.org/questions/1591795,os:windows,Windows 10,,140.12.1esr,140,m:gmail,proto:imap;proto:smtp,av:avast,1,true,2.01,False,
1591801,2026-07-08T10:15:40.459027Z,2026-07-08,en-US,send-and-receive-email,thunderbird;windows-11;send-and-receive-email;,matiline,la messagerie ne reconnaît pas le serveur pop3.free.fr,https://support.mozilla.org/questions/1591801,os:windows,Windows 11,,152.0.64 bits,152,m:free_fr,proto:pop,,3,true,6.89,False,
1591813,2026-07-08T12:11:36.309641Z,2026-07-08,en-US,passwords-and-sign-in,thunderbird;mac-os-x-1015;passwords-and-sign-in;thunderbird-1520;thunderbird-15201;,dmurdoch,Oauth challenge never appears,https://support.mozilla.org/questions/1591813,os:macos,Mac OS x 10.15,macos:sequoia,152.0.1,152,m:gmail,proto:smtp;proto:oauth,,5,true,5.87,True,dmurdoch
1591818,2026-07-08T12:54:10.141251Z,2026-07-08,en-US,reset-passwords,thunderbird;windows-11;reset-passwords;,ballsy39,It won't accept my new password,https://support.mozilla.org/questions/1591818,os:windows,Windows 11,,mozilla.org/en-us,,,,,0,false,,False,
1591819,2026-07-08T12:54:47.848763Z,2026-07-08,en-US,settings,thunderbird;settings;windows-10;thunderbird-1520;thunderbird-15201;,gaudic99,Just curious: what is the reason for the 154 version minimize to tray feature?,https://support.mozilla.org/questions/1591819,os:windows,Windows 10,,152.0.1,152,,,,1,true,22.93,True,davidsk
1591822,2026-07-08T13:23:48.119169Z,2026-07-08,en-US,account-management,thunderbird;windows-11;account-management;thunderbird-1520;thunderbird-15201;,graham59,"I'm unable to add mmy new Posteo email address to Thunderbird,",https://support.mozilla.org/questions/1591822,os:windows,Windows 11,,152.0.1,152,m:posteo,,,2,true,3.24,False,
1591823,2026-07-08T13:27:54.957043Z,2026-07-08,en-US,reset-passwords,thunderbird;windows-11;reset-passwords;,mullet2,"I need to change my password, because my computer broke down and had to be completely reworked, which resulted in the lo",https://support.mozilla.org/questions/1591823,os:windows,Windows 11,,no access,,m:gmx,,,1,true,3.06,False,
1591831,2026-07-08T13:55:30.943232Z,2026-07-08,en-US,import-and-export-settings,thunderbird;windows-11;import-and-export-settings;thunderbird-1520;thunderbird-15201;,metztlimoon,Export to mobile failure-will not scan,https://support.mozilla.org/questions/1591831,os:windows,Windows 11,,152.0.1,152,,,,0,false,,False,
1591849,2026-07-08T15:28:45.411579Z,2026-07-08,en-US,calendar,thunderbird;calendar;windows-1011;thunderbird-14091;thunderbird-1409;,franck.ramus,time interval shifts in calendar display,https://support.mozilla.org/questions/1591849,os:windows,Windows 10/11,,140.9.1esr 64 bits,140,,,,0,false,,False,
1591860,2026-07-08T16:47:03.672720Z,2026-07-08,en-US,events,thunderbird;windows-11;events;firefox-1520;firefox-15205;,tim354,How do I stop the calendar invite that keeps popping up with invite unable to receive?,https://support.mozilla.org/questions/1591860,os:windows,Windows 11,,,,,,,0,false,,False,
1591871,2026-07-08T18:11:34.404625Z,2026-07-08,en-US,passwords-and-sign-in,thunderbird;windows-11;passwords-and-sign-in;thunderbird-1520;thunderbird-15201;,vicsplace,"Reset my password, but can't log in.",https://support.mozilla.org/questions/1591871,os:windows,Windows 11,,152.0.1,152,,proto:imap;proto:pop,,1,true,6.73,False,
1591873,2026-07-08T18:24:55.677317Z,2026-07-08,en-US,contacts,thunderbird;windows-10;contacts;thunderbird-14012;thunderbird-140121;,pat50,Importing iPhone 8 contacts from Verizon account,https://support.mozilla.org/questions/1591873,os:windows,Windows 10,,140.12.1esr,140,m:verizon,,,1,true,6.59,False,
1591878,2026-07-08T18:52:14.624273Z,2026-07-08,en-US,events,thunderbird;events;thunderbird-1520;thunderbird-15201;,yazinator,Recover orphaned local tasks after deleting a local calendar (Thunderbird 152.0.1),https://support.mozilla.org/questions/1591878,os:macos,Mac OS Tahoe 26.5.1,,152.0.1,152,m:icloud,proto:caldav,,0,false,,False,
1591885,2026-07-08T19:25:49.677588Z,2026-07-08,en-US,connectivity,thunderbird;windows-11;connectivity;thunderbird-14012;thunderbird-140121;,irwind65,Can't find outgoing server after login following Win 11 sleeps,https://support.mozilla.org/questions/1591885,os:windows,Windows 11,,140.12.1esr,140,m:gmail;m:icloud;m:comcast,proto:smtp,,1,true,6.09,False,
1591889,2026-07-08T19:54:07.044963Z,2026-07-08,en-US,send-and-receive-email,linux;thunderbird;send-and-receive-email;,seacreatureanne,I haven't been able to get into my email accounts since Feb 26 2026.  Why??,https://support.mozilla.org/questions/1591889,os:linux,Linux,,thunderbird.com,,m:microsoftemail,,,1,true,4.08,False,
1591891,2026-07-08T20:01:07.358498Z,2026-07-08,en-US,connectivity,thunderbird;windows-10;connectivity;,scott255,Can I use newtwork storage for Thunderbird message store reliabily?,https://support.mozilla.org/questions/1591891,os:windows,Windows 10,,latest std.,,m:microsoftemail,,,5,true,5.05,False,
1591901,2026-07-08T21:04:23.391019Z,2026-07-08,en-US,send-and-receive-email,thunderbird;windows-11;send-and-receive-email;thunderbird-1520;thunderbird-15201;,81Oldiron,Cant send emails in thunderbird 152.0.1 in win 11,https://support.mozilla.org/questions/1591901,os:windows,Windows 11,,152.0.1,152,m:spectrum,,,1,true,2.86,False,
1591932,2026-07-09T01:10:27.373916Z,2026-07-09,en-US,account-management,thunderbird;windows-11;account-management;,ruthfarnsworth1,My account is temporarily unavailable,https://support.mozilla.org/questions/1591932,os:windows,Windows 11,,no idea,,,,,1,true,0.32,False,
1591934,2026-07-09T01:39:06.249383Z,2026-07-09,en-US,send-and-receive-email,thunderbird;windows-11;send-and-receive-email;thunderbird-1520;thunderbird-15201;,rokesting,problems with sent email folder,https://support.mozilla.org/questions/1591934,os:windows,Windows 11,,152.0.1,152,m:gmail,,,0,false,,False,
1591938,2026-07-09T02:02:44.035872Z,2026-07-09,en-US,email-and-messaging,thunderbird;windows-10;email-and-messaging;thunderbird-14012;thunderbird-140121;,quality.innovat,"""Unable to permanently delete old emails in the sent items folder. The emails cannot be opened.""",https://support.mozilla.org/questions/1591938,os:windows,Windows 10,,140.12.1esr,140,,,,1,true,4.24,False,
1591953,2026-07-09T04:41:22.303772Z,2026-07-09,en-US,reset-passwords,thunderbird;reset-passwords;thunderbird-14012;thunderbird-140121;,olsoncna,I have not been able to log in and operate my personal email on Earthlink.com for about the last 6 months using my MacBo,https://support.mozilla.org/questions/1591953,os:macos,Mac OS  Tahoe     Version 26.5,,140.12.1esr,140,m:earthlink,,,1,true,4.99,False,
1591963,2026-07-09T06:57:02.992684Z,2026-07-09,en-US,attachments,thunderbird;attachments;windows-1011;thunderbird-1520;,rizkaaa.faujiah,sending of the message failed. there was an error attaching file. please check that you have access to the file,https://support.mozilla.org/questions/1591963,os:windows,Windows 10/11,,152,152,,,,0,false,,False,
1591964,2026-07-09T06:58:17.170655Z,2026-07-09,it,import-and-export-email,thunderbird;windows-10;import-and-export-email;thunderbird-1520;thunderbird-15201;,Cì,Database messaggi mancate dopo aggiornamento,https://support.mozilla.org/questions/1591964,os:windows,Windows 10,,152.0.1,152,,,,1,true,1.75,False,
1591979,2026-07-09T09:11:06.752738Z,2026-07-09,en-US,passwords-and-sign-in,thunderbird;passwords-and-sign-in;thunderbird-1520;,simon.koechl,Outlook: OAuth Authentication failure with IMAP,https://support.mozilla.org/questions/1591979,os:linux,CachyOS 7.1.3-2 (Linux),,152.0,152,m:microsoftemail,proto:imap;proto:pop;proto:oauth,,0,false,,False,
1591983,2026-07-09T09:45:01.806261Z,2026-07-09,en-US,connectivity,thunderbird;windows-11;connectivity;thunderbird-14012;thunderbird-140121;,simon.zell,"Can't connect to one specific mail server in one specific network, other providers work.",https://support.mozilla.org/questions/1591983,os:windows,Windows 11,,140.12.1esr,140,,proto:imap,,0,false,,False,
1591986,2026-07-09T09:58:26.974882Z,2026-07-09,en-US,send-and-receive-email,thunderbird;windows-10;send-and-receive-email;thunderbird-14012;thunderbird-140121;,ateurope,After the last Thunderbird update I cannot send e-mails but still receive emails as usual. When sending I get a error me,https://support.mozilla.org/questions/1591986,os:windows,Windows 10,,140.12.1esr 32-bit,140,,proto:imap;proto:smtp;proto:oauth,,2,true,1.1,False,
1591992,2026-07-09T11:23:45.879118Z,2026-07-09,en-US,send-and-receive-email,thunderbird;windows-10;send-and-receive-email;thunderbird-14012;thunderbird-140121;,ateurope,Cannot send emails with Thunderbird,https://support.mozilla.org/questions/1591992,os:windows,Windows 10,,140.12.1esr  32-bi,140,,,,3,true,0.26,False,
1592000,2026-07-09T12:32:32.845874Z,2026-07-09,en-US,customization,thunderbird;customization;windows-11;thunderbird-1520;thunderbird-15201;,john.looyestijn,Since some weeks I receive e-mails as below with html text. Instead they should appear with pictures etc. What is going ,https://support.mozilla.org/questions/1592000,os:windows,Windows 11,,152.0.1,152,,,,0,false,,False,
1592003,2026-07-09T12:58:33.729256Z,2026-07-09,fi,attachments,thunderbird;windows-11;attachments;thunderbird-1520;,tiitus.halonen.hq,"**Intermittent error when forwarding emails with attachments (IMAP, Windows 11)**",https://support.mozilla.org/questions/1592003,os:windows,Windows 11,,152,152,,proto:imap,av:defender,0,false,,False,
1592007,2026-07-09T13:39:27.123685Z,2026-07-09,it,crashing-and-slow-performance,thunderbird;windows-11;crashing-and-slow-performance;thunderbird-1400;,filippo.macchi,Forti rallentamenti su client Thunderbird,https://support.mozilla.org/questions/1592007,os:windows,Windows 11,,140 o 152,140,,,,0,false,,False,
1592019,2026-07-09T14:19:04.201217Z,2026-07-09,en-US,send-and-receive-email,thunderbird;windows-10;send-and-receive-email;thunderbird-14012;thunderbird-140121;,vip7,"IMAP, SMTP и POP3",https://support.mozilla.org/questions/1592019,os:windows,Windows 10,,140.12.1esr,140,m:microsoftemail,proto:imap;proto:smtp;proto:pop,,0,false,,False,
1592025,2026-07-09T14:44:59.179336Z,2026-07-09,pt-BR,send-and-receive-email,windows-7;thunderbird;send-and-receive-email;,ricomasam,servidor SMTP,https://support.mozilla.org/questions/1592025,os:windows,Windows 7,,Thunderbird 115.18,115,m:microsoftemail,proto:smtp,,0,false,,False,
1592027,2026-07-09T14:47:46.216062Z,2026-07-09,pt-BR,send-and-receive-email,thunderbird;send-and-receive-email;windows-1011;,ricomasam,smtp.office365,https://support.mozilla.org/questions/1592027,os:windows,Windows 10/11,,Thunderbird 115.18,115,m:microsoftemail,proto:smtp,,0,false,,False,
