period,headline,version_major,cause_dim,cause_value,observed,version_total_period,cause_rate_overall,expected,lift,novelty,cause_prior_periods,pair_prior_periods,answered_pct,unanswered,median_first_answer_h,question_ids,example_urls,example_titles
2026-10-06,v140 x m:att: 4 questions (103x expected),140,mail_provider,m:att,4,4,0.0097,0.04,102.8,new,0,0,50,2,1.4,1610156 1610258 1610259 1610309,https://support.mozilla.org/questions/1610156 https://support.mozilla.org/questions/1610258 https://support.mozilla.org/questions/1610259 https://support.mozilla.org/questions/1610309,Gives error today - inbound.att.net certificate invalid !!?? | The certificate for inbound.att.net does not come from a tru | Why Thunderbird on Linux will no longer connect to att.net e | AOL setup on MX Linux... fails authentication
2026-09-23,v153 x m:alice_it: 5 questions (84x expected),153,mail_provider,m:alice_it,5,14,0.0043,0.06,83.9,new,0,0,100,0,3.1,1606888 1606928 1606938 1607000 1607026,https://support.mozilla.org/questions/1606888 https://support.mozilla.org/questions/1606928 https://support.mozilla.org/questions/1606938 https://support.mozilla.org/questions/1607000 https://support.mozilla.org/questions/1607026,"non mi funziona la mail alice.it | non ricevo le mail di Alicemail | Alice mail | non scarico messaggi | Non riesco a scaricare posta alice su thunderbid, mi da erro"
2026-08-20,v154 x feat:printing: 4 questions (28x expected),154,feature,feat:printing,4,12,0.0118,0.14,28.4,new,0,0,75,1,3.2,1599257 1599261 1599285 1599333,https://support.mozilla.org/questions/1599257 https://support.mozilla.org/questions/1599261 https://support.mozilla.org/questions/1599285 https://support.mozilla.org/questions/1599333,Print emails | Perchè non si riesce a stampare diretta mente da Thunderbird | PDF attachments now blank when printed.  Worked great til to | can not print attachments
2026-06-09,v151 x m:spectrum: 7 questions (19x expected),151,mail_provider,m:spectrum,7,19,0.0199,0.38,18.5,new,0,0,100,0,14.3,1586383 1586405 1586446 1586481 1586486 1586494 1586504,https://support.mozilla.org/questions/1586383 https://support.mozilla.org/questions/1586405 https://support.mozilla.org/questions/1586446 https://support.mozilla.org/questions/1586481 https://support.mozilla.org/questions/1586486 https://support.mozilla.org/questions/1586494 https://support.mozilla.org/questions/1586504,"Email Accounts are highlighted RED | The certificate for mobile.charter.net does not come from a  | Unable to receive and send emails. | Connetion error, can't recieve emails | Thunderbird is showing Certificate for mobile.charter.net:99"
2026-10-04,v157 x feat:attachments: 5 questions (8x expected),157,feature,feat:attachments,5,19,0.0314,0.6,8.4,new,0,0,100,0,12.1,1609599 1609601 1609642 1609643 1609719,https://support.mozilla.org/questions/1609599 https://support.mozilla.org/questions/1609601 https://support.mozilla.org/questions/1609642 https://support.mozilla.org/questions/1609643 https://support.mozilla.org/questions/1609719,"na de laatste update kan ik geen bijlages toevoegen aan een  | Change the app that opens email attachments | Attach button does not respond. Drag and Drop works. (bug207 | email beantwoorden, bijlage knop werkt niet | Unable to attach files to email"
2026-09-16,v153 x m:yahooemail: 4 questions (7x expected),153,mail_provider,m:yahooemail,4,10,0.0545,0.55,7.3,new,0,0,75,1,0.8,1604613 1604699 1604799 1604953,https://support.mozilla.org/questions/1604613 https://support.mozilla.org/questions/1604699 https://support.mozilla.org/questions/1604799 https://support.mozilla.org/questions/1604953,"Error messages.  t-bird Linux Mint "".p"" and ""UID Fetch"" | I messaggi di un account vanno anche in un secondo account | thunderbird deleting my emails from the POP server | Thunderbird won't send emails between  2 AOL accounts"
2026-02-26,v148 x feat:calendar: 4 questions (7x expected),148,feature,feat:calendar,4,20,0.0304,0.61,6.6,new,0,0,100,0,1.2,1567859 1567878 1567951 1567961,https://support.mozilla.org/questions/1567859 https://support.mozilla.org/questions/1567878 https://support.mozilla.org/questions/1567951 https://support.mozilla.org/questions/1567961,In Thunderbird/Adressbuch sind Geburtsdaten eingetragen. Was | No connection between Google agenda since up date of thunder | My google calendar disappeared all of the sudden | Mail sync issue led to Mail disappearing after troubleshooti
2026-05-06,v150 x proto:smtp: 6 questions (6x expected),150,protocol,proto:smtp,6,22,0.0495,1.09,5.5,new,0,0,100,0,1.0,1580225 1580247 1580282 1580326 1580352 1580362,https://support.mozilla.org/questions/1580225 https://support.mozilla.org/questions/1580247 https://support.mozilla.org/questions/1580282 https://support.mozilla.org/questions/1580326 https://support.mozilla.org/questions/1580352 https://support.mozilla.org/questions/1580362,"errore in Invio Posta | New Security Codes for vodafonemail.de, TLS Code not in Thun | messaggio di errore | I installed thunderbird 150 and get always an authentication | i can receive emails but cannot sent, password problem"
2026-06-30,v152 x m:gmail: 4 questions (5x expected),152,mail_provider,m:gmail,4,9,0.0886,0.8,5.0,new,0,0,50,2,2.5,1590372 1590393 1590463 1590499,https://support.mozilla.org/questions/1590372 https://support.mozilla.org/questions/1590393 https://support.mozilla.org/questions/1590463 https://support.mozilla.org/questions/1590499,"Urgent question: Wrong email group when I sign in coming up | Storende pop-up naar aanleiding van verwijderde google-accou | Message not visible with no filter activated, all account ar | archive Gmail to local storage　by Tb"
2026-04-23,v150 x m:microsoftemail: 4 questions (5x expected),150,mail_provider,m:microsoftemail,4,11,0.0758,0.83,4.8,new,0,0,50,2,14.3,1577845 1577871 1577910 1577989,https://support.mozilla.org/questions/1577845 https://support.mozilla.org/questions/1577871 https://support.mozilla.org/questions/1577910 https://support.mozilla.org/questions/1577989,I'm trying to dump MS Outlook. | SMTP Timeout | TB 150.0 not downloading office365 folders | Moving local folders from New Outlook to Thunderbird
2026-05-13,v150 x proto:pop: 4 questions (5x expected),150,protocol,proto:pop,4,15,0.0567,0.85,4.7,new,0,0,50,2,1.6,1581365 1581376 1581474 1581477,https://support.mozilla.org/questions/1581365 https://support.mozilla.org/questions/1581376 https://support.mozilla.org/questions/1581474 https://support.mozilla.org/questions/1581477,Unable to add new account by POP | Authentification Error | Can’t send email via AT&T account | Unable to write email to mailbox
2026-05-05,v150 x proto:imap: 5 questions (3x expected),150,protocol,proto:imap,5,19,0.0845,1.61,3.1,new,0,0,80,1,6.8,1579996 1580004 1580007 1580121 1580187,https://support.mozilla.org/questions/1579996 https://support.mozilla.org/questions/1580004 https://support.mozilla.org/questions/1580007 https://support.mozilla.org/questions/1580121 https://support.mozilla.org/questions/1580187,"Import more outlook accounts into the local folder in thunde | Add New Folder | Change pop 3 to IMAP | Stop downloading archived gmails to thunderbird POP | Adding hotmail (live, outlook) accounts to Thunderbird"
2026-10-05,v153 x feat:attachments: 6 questions (13x expected),153,feature,feat:attachments,6,15,0.0314,0.47,12.7,spreading,1,0,83,1,0.6,1609864 1609904 1609918 1609979 1609986 1610030,https://support.mozilla.org/questions/1609864 https://support.mozilla.org/questions/1609904 https://support.mozilla.org/questions/1609918 https://support.mozilla.org/questions/1609979 https://support.mozilla.org/questions/1609986 https://support.mozilla.org/questions/1610030,allegati che non si possono più inserire nell'email | Unable to attach a document to a return email | allegati | why can't i attach files to sent email? | not launching file explorer to attach files
2026-06-29,v152 x m:microsoftemail: 6 questions (5x expected),152,mail_provider,m:microsoftemail,6,16,0.0758,1.21,4.9,spreading,2,0,67,2,87.5,1590178 1590198 1590208 1590210 1590301 1590307,https://support.mozilla.org/questions/1590178 https://support.mozilla.org/questions/1590198 https://support.mozilla.org/questions/1590208 https://support.mozilla.org/questions/1590210 https://support.mozilla.org/questions/1590301 https://support.mozilla.org/questions/1590307,Adding 2nd outlook accound | Thunderbird emails have started to only show links and not t | Can't connect to my live and outlook accounts since 2 weeks | TBird152.0  is not displaing HTML emails properly. | One-hour delay in the guest's meeting schedule (Atraso de um
2026-09-16,v156 x m:microsoftemail: 4 questions (4x expected),156,mail_provider,m:microsoftemail,4,13,0.0758,0.99,4.1,spreading,4,0,75,1,50.5,1604594 1604697 1604835 1604859,https://support.mozilla.org/questions/1604594 https://support.mozilla.org/questions/1604697 https://support.mozilla.org/questions/1604835 https://support.mozilla.org/questions/1604859,"Still can't sync outlook outgoing mail with thunderbird, i r | Authentication Failure outlook.office365.com only on startup | ERROR AL AÑADIR CUENTA DE OUTLOOK | autenticazione non riuscita durante la connessione al server"
2026-09-07,v155 x proto:pop: 4 questions (4x expected),155,protocol,proto:pop,4,19,0.0567,1.08,3.7,spreading,4,0,75,1,5.2,1602660 1602682 1602703 1602714,https://support.mozilla.org/questions/1602660 https://support.mozilla.org/questions/1602682 https://support.mozilla.org/questions/1602703 https://support.mozilla.org/questions/1602714,pop3 account creation error | Login to server pop3.virginmedia.com with username ******* f | Thunderbird freezes downloading messages when it reaches a m | Is syncronization bidirectional with IMAP accounts?
2026-08-04,v153 x m:microsoftemail: 5 questions (3x expected),153,mail_provider,m:microsoftemail,5,20,0.0758,1.52,3.3,spreading,3,0,100,0,0.8,1596545 1596547 1596591 1596602 1596606,https://support.mozilla.org/questions/1596545 https://support.mozilla.org/questions/1596547 https://support.mozilla.org/questions/1596591 https://support.mozilla.org/questions/1596602 https://support.mozilla.org/questions/1596606,Microsoft Outlook authentication failure. | I just had a fake prompt to add a password to a website mimi | email not collegament to app thunderbird pc (email outlook) | Import from Outlook (M365) Mac OS to Thunderbird? | Cannot import contacts from outlook 2016
2026-08-10,v153 x proto:pop: 4 questions (3x expected),153,protocol,proto:pop,4,22,0.0567,1.25,3.2,spreading,1,0,75,1,1.1,1597551 1597571 1597638 1597683,https://support.mozilla.org/questions/1597551 https://support.mozilla.org/questions/1597571 https://support.mozilla.org/questions/1597638 https://support.mozilla.org/questions/1597683,"Thunderbird POP stopped retrieving email from one mail box,  | Email collection over pop failed on one account, server sett | How logging onto wowway with old password? | Hotmail personal account: IMAP OAuth2 works but SMTP OAuth2 "
2026-09-01,v154 x feat:printing: 4 questions (20x expected),154,feature,feat:printing,4,17,0.0118,0.2,20.0,recurring,3,3,100,0,13.8,1601512 1601528 1601564 1601583,https://support.mozilla.org/questions/1601512 https://support.mozilla.org/questions/1601528 https://support.mozilla.org/questions/1601564 https://support.mozilla.org/questions/1601583,Stampa fogli bianchi gli allegati delle mail | Printen van bijlage in thunderbird lukt me niet meer | Can no longer highlight text in a .pdf being previewed in Th | Kan bijlage niet meer printen in thunderbird
2026-08-26,v154 x feat:printing: 5 questions (16x expected),154,feature,feat:printing,5,27,0.0118,0.32,15.8,recurring,1,1,100,0,13.8,1600392 1600397 1600407 1600408 1600481,https://support.mozilla.org/questions/1600392 https://support.mozilla.org/questions/1600397 https://support.mozilla.org/questions/1600407 https://support.mozilla.org/questions/1600408 https://support.mozilla.org/questions/1600481,Printing from Thunderbird since version 154.0 on Windows 11  | Problema anteprima di stampa | PDF direct print from mozilla wil print an blanc page | Problem printing PDF files from Thunderbird. | Print Preview Printing Blanks
2026-08-31,v154 x feat:printing: 4 questions (15x expected),154,feature,feat:printing,4,22,0.0118,0.26,15.5,recurring,2,2,100,0,2.9,1601286 1601306 1601367 1601404,https://support.mozilla.org/questions/1601286 https://support.mozilla.org/questions/1601306 https://support.mozilla.org/questions/1601367 https://support.mozilla.org/questions/1601404,Ik kan niet meer printen vanuit Thunderbird. Is er een stori | Problemi di stampa | PDF se vytiskne prázdné. | can not print email attachments
2026-10-08,v153 x feat:attachments: 5 questions (13x expected),153,feature,feat:attachments,5,12,0.0314,0.38,13.3,recurring,4,3,100,0,0.6,1610569 1610581 1610617 1610652 1610745,https://support.mozilla.org/questions/1610569 https://support.mozilla.org/questions/1610581 https://support.mozilla.org/questions/1610617 https://support.mozilla.org/questions/1610652 https://support.mozilla.org/questions/1610745,The file picker does not open when you click the “Attach” bu | Cannot attach files to emails in Thunderbird | Attachment function not accessible anymore | Attachment to an email is not possible with Tunderbird | Why can't I attach a document to my email
2026-10-07,v153 x feat:attachments: 5 questions (11x expected),153,feature,feat:attachments,5,15,0.0314,0.47,10.6,recurring,3,2,100,0,2.0,1610392 1610416 1610444 1610449 1610548,https://support.mozilla.org/questions/1610392 https://support.mozilla.org/questions/1610416 https://support.mozilla.org/questions/1610444 https://support.mozilla.org/questions/1610449 https://support.mozilla.org/questions/1610548,Recurring Issue with Attachment Button in Thunderbird Deskto | sinds de update 153.4.0esr van 05 oktober kan ik geen bijlag | Thunderbird has stopped to include attachments via key. Only | A problem with sending attachments with an email | Unable to add an attachment to the email being sent
2026-10-08,v157 x feat:attachments: 6 questions (9x expected),157,feature,feat:attachments,6,22,0.0314,0.69,8.7,recurring,4,3,100,0,0.7,1610602 1610606 1610619 1610638 1610666 1610758,https://support.mozilla.org/questions/1610602 https://support.mozilla.org/questions/1610606 https://support.mozilla.org/questions/1610619 https://support.mozilla.org/questions/1610638 https://support.mozilla.org/questions/1610666 https://support.mozilla.org/questions/1610758,"Nejde mi přidat do mailu příloha | The ""Attach"" button doesn't work when composing an email; it | Why can I no longer attach a file by clicking OPEN on the fi | allegati mail | een blokkade om bijlagen te koppelen in email die ik verstuu"
2026-10-06,v153 x feat:attachments: 5 questions (7x expected),153,feature,feat:attachments,5,23,0.0314,0.72,6.9,recurring,2,1,100,0,1.2,1610087 1610100 1610118 1610206 1610244,https://support.mozilla.org/questions/1610087 https://support.mozilla.org/questions/1610100 https://support.mozilla.org/questions/1610118 https://support.mozilla.org/questions/1610206 https://support.mozilla.org/questions/1610244,Email attachment - version 153.4.0esr | unable to attach desktop files to outgoing emails when attac | All of a sudden Thunderbird won't let me attach images | I have lost the attach file link since last up date | I can't add any attachments. The button doesn't work
2026-10-06,v157 x feat:attachments: 5 questions (6x expected),157,feature,feat:attachments,5,28,0.0314,0.88,5.7,recurring,2,2,100,0,0.9,1610097 1610225 1610267 1610268 1610276,https://support.mozilla.org/questions/1610097 https://support.mozilla.org/questions/1610225 https://support.mozilla.org/questions/1610267 https://support.mozilla.org/questions/1610268 https://support.mozilla.org/questions/1610276,Since that last update I can no longer attach files to email | Suddenly I can neither attach nor insert files into an outgo | Attach File no longer Works as of 10/05 W11 | Unable to attach files to emails (the ‘Attachments’ button d | Attach button not working on new emails
2026-10-05,v157 x feat:attachments: 4 questions (5x expected),157,feature,feat:attachments,4,24,0.0314,0.75,5.3,recurring,1,1,100,0,5.4,1609825 1609880 1609897 1609916,https://support.mozilla.org/questions/1609825 https://support.mozilla.org/questions/1609880 https://support.mozilla.org/questions/1609897 https://support.mozilla.org/questions/1609916,"nach dem letzten Update kann ich keine Attachments versenden | I cannot add an attachment, when I press the attachment butt | The 'Attach' button does not respond to outgoing emails | Attach button dont work after updating to tb 157"
2026-05-14,v150 x m:microsoftemail: 4 questions (4x expected),150,mail_provider,m:microsoftemail,4,12,0.0758,0.91,4.4,recurring,1,1,100,0,5.5,1581591 1581623 1581643 1581688,https://support.mozilla.org/questions/1581591 https://support.mozilla.org/questions/1581623 https://support.mozilla.org/questions/1581643 https://support.mozilla.org/questions/1581688,cannot send emails | can't add my new GMX account to Thunderbird | Thunderbird no envía correos con Outlook/Office365: error ST | Line throught emails.
2026-08-14,v153 x proto:pop: 4 questions (3x expected),153,protocol,proto:pop,4,21,0.0567,1.19,3.4,recurring,3,2,100,0,8.0,1598311 1598314 1598327 1598357,https://support.mozilla.org/questions/1598311 https://support.mozilla.org/questions/1598314 https://support.mozilla.org/questions/1598327 https://support.mozilla.org/questions/1598357,Thunderbird went goofy for multiple gmail accounts - deleted | Email from Roadrunner.com does not show but server test work | Unable to receive e-mail | Recently Unable to send (SMTP) from Thunderbird from Cox.com
2026-05-12,v150 x proto:imap: 5 questions (3x expected),150,protocol,proto:imap,5,18,0.0845,1.52,3.3,recurring,1,1,100,0,2.7,1581184 1581273 1581275 1581279 1581355,https://support.mozilla.org/questions/1581184 https://support.mozilla.org/questions/1581273 https://support.mozilla.org/questions/1581275 https://support.mozilla.org/questions/1581279 https://support.mozilla.org/questions/1581355,"Problem Creating ""New SubFolder"" and ""New Folder"" | Unable to add personal Hotmail/Outlook.com 🥹 _ Any help is a | Deleted mails are not removed from Gmail All Mails folder ev | Sending of the message failed. The message could not be sent | Migrating from Outlook Classic to IMAP Server, but unable to"
2026-08-13,v153 x proto:pop: 4 questions (3x expected),153,protocol,proto:pop,4,22,0.0567,1.25,3.2,recurring,2,1,100,0,1.2,1598091 1598146 1598151 1598175,https://support.mozilla.org/questions/1598091 https://support.mozilla.org/questions/1598146 https://support.mozilla.org/questions/1598151 https://support.mozilla.org/questions/1598175,thunderbird has stopped receiving emails from century link | Can't access my account | How to set up automatic email forwarding from Thunderbird to | Thunderbird won't download email messages from Yahoo (former
