period,dim,value,count
2026-02-23,av,av:avast,1
2026-03-30,av,av:avast,3
2026-04-06,av,av:avast,2
2026-04-27,av,av:avast,1
2026-05-11,av,av:avast,1
2026-06-08,av,av:avast,1
2026-06-15,av,av:avast,1
2026-07-06,av,av:avast,2
2026-08-03,av,av:avast,1
2026-03-02,av,av:bitdefender,1
2026-03-09,av,av:bitdefender,2
2026-03-16,av,av:bitdefender,1
2026-03-30,av,av:bitdefender,3
2026-04-06,av,av:bitdefender,1
2026-05-04,av,av:bitdefender,1
2026-05-25,av,av:bitdefender,1
2026-06-22,av,av:bitdefender,1
2026-06-29,av,av:bitdefender,3
2026-08-03,av,av:bitdefender,2
2026-04-06,av,av:clamav,1
2026-04-27,av,av:comodo,1
2026-07-27,av,av:comodo,1
2026-03-09,av,av:defender,2
2026-04-06,av,av:defender,1
2026-05-04,av,av:defender,1
2026-05-11,av,av:defender,1
2026-05-18,av,av:defender,1
2026-05-25,av,av:defender,1
2026-06-01,av,av:defender,1
2026-06-08,av,av:defender,1
2026-06-15,av,av:defender,1
2026-06-29,av,av:defender,1
2026-07-06,av,av:defender,1
2026-07-27,av,av:defender,1
2026-03-02,av,av:eset,1
2026-03-30,av,av:eset,2
2026-06-08,av,av:eset,1
2026-06-29,av,av:eset,1
2026-07-20,av,av:eset,1
2026-05-25,av,av:fsecure,1
2026-02-23,av,av:kaspersky,1
2026-03-30,av,av:malwarebytes,1
2026-04-27,av,av:malwarebytes,1
2026-05-18,av,av:malwarebytes,1
2026-06-15,av,av:malwarebytes,1
2026-06-22,av,av:malwarebytes,1
2026-07-20,av,av:malwarebytes,1
2026-02-16,av,av:mcafee,1
2026-03-09,av,av:mcafee,1
2026-04-06,av,av:mcafee,2
2026-05-18,av,av:mcafee,1
2026-05-25,av,av:mcafee,1
2026-06-15,av,av:mcafee,1
2026-07-20,av,av:mcafee,1
2026-03-09,av,av:norton,1
2026-03-30,av,av:norton,2
2026-04-06,av,av:norton,1
2026-05-18,av,av:norton,2
2026-05-25,av,av:norton,2
2026-06-01,av,av:norton,1
2026-06-15,av,av:norton,1
2026-07-06,av,av:norton,1
2026-07-27,av,av:norton,2
2026-05-25,av,av:surfshark,1
2026-06-01,av,av:surfshark,1
2026-04-27,av,av:trendmicro,1
2026-06-08,av,av:trendmicro,1
2026-03-09,macos_release,macos:big_sur,1
2026-03-23,macos_release,macos:big_sur,1
2026-03-16,macos_release,macos:catalina,1
2026-04-06,macos_release,macos:catalina,1
2026-05-11,macos_release,macos:catalina,1
2026-06-08,macos_release,macos:high_sierra,1
2026-06-22,macos_release,macos:high_sierra,1
2026-03-30,macos_release,macos:mojave,1
2026-06-01,macos_release,macos:mojave,1
2026-04-27,macos_release,macos:monterey,1
2026-05-25,macos_release,macos:monterey,1
2026-07-27,macos_release,macos:monterey,1
2026-08-03,macos_release,macos:monterey,2
2026-02-16,macos_release,macos:sequoia,1
2026-03-09,macos_release,macos:sequoia,2
2026-03-23,macos_release,macos:sequoia,1
2026-03-30,macos_release,macos:sequoia,1
2026-04-13,macos_release,macos:sequoia,2
2026-05-11,macos_release,macos:sequoia,2
2026-05-25,macos_release,macos:sequoia,1
2026-07-06,macos_release,macos:sequoia,1
2026-07-20,macos_release,macos:sequoia,1
2026-05-25,macos_release,macos:sierra,1
2026-07-20,macos_release,macos:sierra,1
2026-02-16,macos_release,macos:sonoma,1
2026-03-16,macos_release,macos:sonoma,1
2026-03-30,macos_release,macos:sonoma,1
2026-05-04,macos_release,macos:sonoma,1
2026-05-18,macos_release,macos:sonoma,1
2026-07-13,macos_release,macos:sonoma,1
2026-08-03,macos_release,macos:sonoma,1
2026-02-23,macos_release,macos:tahoe,2
2026-03-02,macos_release,macos:tahoe,2
2026-03-09,macos_release,macos:tahoe,1
2026-03-16,macos_release,macos:tahoe,1
2026-03-23,macos_release,macos:tahoe,1
2026-04-13,macos_release,macos:tahoe,1
2026-05-11,macos_release,macos:tahoe,1
2026-05-18,macos_release,macos:tahoe,1
2026-06-15,macos_release,macos:tahoe,1
2026-06-22,macos_release,macos:tahoe,3
2026-06-29,macos_release,macos:tahoe,2
2026-07-13,macos_release,macos:tahoe,1
2026-07-27,macos_release,macos:tahoe,2
2026-08-03,macos_release,macos:tahoe,2
2026-03-09,mail_provider,m:alice_it,1
2026-03-16,mail_provider,m:alice_it,1
2026-03-23,mail_provider,m:alice_it,1
2026-04-06,mail_provider,m:alice_it,1
2026-04-20,mail_provider,m:alice_it,1
2026-04-27,mail_provider,m:alice_it,1
2026-06-08,mail_provider,m:alice_it,1
2026-08-03,mail_provider,m:alice_it,1
2026-02-16,mail_provider,m:att,1
2026-02-23,mail_provider,m:att,2
2026-03-02,mail_provider,m:att,4
2026-03-09,mail_provider,m:att,2
2026-03-16,mail_provider,m:att,1
2026-03-23,mail_provider,m:att,1
2026-03-30,mail_provider,m:att,2
2026-04-06,mail_provider,m:att,1
2026-04-20,mail_provider,m:att,1
2026-04-27,mail_provider,m:att,1
2026-05-11,mail_provider,m:att,2
2026-05-25,mail_provider,m:att,1
2026-06-15,mail_provider,m:att,1
2026-06-22,mail_provider,m:att,1
2026-07-06,mail_provider,m:att,1
2026-07-20,mail_provider,m:att,2
2026-07-27,mail_provider,m:att,1
2026-08-03,mail_provider,m:att,1
2026-08-10,mail_provider,m:att,1
2026-03-09,mail_provider,m:bell,1
2026-04-13,mail_provider,m:bell,2
2026-04-27,mail_provider,m:bell,1
2026-05-25,mail_provider,m:bell,1
2026-06-08,mail_provider,m:bell,1
2026-06-15,mail_provider,m:bell,1
2026-07-06,mail_provider,m:bell,1
2026-08-03,mail_provider,m:bell,1
2026-03-16,mail_provider,m:bigpond,1
2026-05-04,mail_provider,m:bigpond,1
2026-05-25,mail_provider,m:bigpond,1
2026-06-15,mail_provider,m:bigpond,1
2026-06-29,mail_provider,m:bigpond,1
2026-03-23,mail_provider,m:bluewin,1
2026-04-20,mail_provider,m:bluewin,1
2026-05-25,mail_provider,m:bluewin,1
2026-02-23,mail_provider,m:btinternet,3
2026-03-16,mail_provider,m:btinternet,1
2026-03-30,mail_provider,m:btinternet,1
2026-04-06,mail_provider,m:btinternet,1
2026-04-13,mail_provider,m:btinternet,1
2026-04-27,mail_provider,m:btinternet,1
2026-05-04,mail_provider,m:btinternet,1
2026-05-11,mail_provider,m:btinternet,1
2026-05-25,mail_provider,m:btinternet,2
2026-06-01,mail_provider,m:btinternet,1
2026-06-08,mail_provider,m:btinternet,1
2026-06-22,mail_provider,m:btinternet,2
2026-07-06,mail_provider,m:btinternet,2
2026-07-13,mail_provider,m:btinternet,1
2026-07-20,mail_provider,m:btinternet,2
2026-07-27,mail_provider,m:btinternet,1
2026-02-16,mail_provider,m:centurylink,1
2026-03-16,mail_provider,m:centurylink,1
2026-03-23,mail_provider,m:centurylink,1
2026-03-30,mail_provider,m:centurylink,1
2026-04-06,mail_provider,m:centurylink,1
2026-04-13,mail_provider,m:centurylink,1
2026-04-20,mail_provider,m:centurylink,1
2026-06-29,mail_provider,m:centurylink,1
2026-07-06,mail_provider,m:centurylink,1
2026-08-03,mail_provider,m:centurylink,1
2026-02-23,mail_provider,m:comcast,5
2026-03-02,mail_provider,m:comcast,4
2026-03-09,mail_provider,m:comcast,2
2026-03-23,mail_provider,m:comcast,2
2026-03-30,mail_provider,m:comcast,1
2026-04-06,mail_provider,m:comcast,5
2026-04-13,mail_provider,m:comcast,8
2026-04-20,mail_provider,m:comcast,2
2026-05-04,mail_provider,m:comcast,3
2026-05-11,mail_provider,m:comcast,2
2026-05-18,mail_provider,m:comcast,1
2026-05-25,mail_provider,m:comcast,6
2026-06-01,mail_provider,m:comcast,3
2026-06-08,mail_provider,m:comcast,3
2026-06-15,mail_provider,m:comcast,4
2026-06-22,mail_provider,m:comcast,3
2026-06-29,mail_provider,m:comcast,3
2026-07-06,mail_provider,m:comcast,3
2026-07-13,mail_provider,m:comcast,3
2026-07-20,mail_provider,m:comcast,2
2026-07-27,mail_provider,m:comcast,5
2026-08-03,mail_provider,m:comcast,1
2026-02-16,mail_provider,m:cox,1
2026-02-23,mail_provider,m:cox,1
2026-08-03,mail_provider,m:cox,1
2026-02-16,mail_provider,m:earthlink,1
2026-03-02,mail_provider,m:earthlink,3
2026-03-16,mail_provider,m:earthlink,1
2026-03-30,mail_provider,m:earthlink,1
2026-04-06,mail_provider,m:earthlink,1
2026-04-27,mail_provider,m:earthlink,1
2026-05-11,mail_provider,m:earthlink,1
2026-05-18,mail_provider,m:earthlink,3
2026-07-06,mail_provider,m:earthlink,2
2026-07-20,mail_provider,m:earthlink,1
2026-02-16,mail_provider,m:fastmail,1
2026-06-15,mail_provider,m:fastmail,1
2026-07-13,mail_provider,m:fastmail,1
2026-03-23,mail_provider,m:fastweb,1
2026-04-20,mail_provider,m:fastweb,1
2026-02-23,mail_provider,m:free_fr,1
2026-03-09,mail_provider,m:free_fr,1
2026-07-06,mail_provider,m:free_fr,1
2026-04-20,mail_provider,m:freenet,1
2026-03-02,mail_provider,m:frontier,1
2026-04-13,mail_provider,m:frontier,1
2026-04-20,mail_provider,m:frontier,1
2026-06-29,mail_provider,m:frontier,1
2026-06-15,mail_provider,m:gandi,1
2026-06-29,mail_provider,m:gandi,2
2026-02-16,mail_provider,m:gmail,15
2026-02-23,mail_provider,m:gmail,18
2026-03-02,mail_provider,m:gmail,23
2026-03-09,mail_provider,m:gmail,22
2026-03-16,mail_provider,m:gmail,20
2026-03-23,mail_provider,m:gmail,22
2026-03-30,mail_provider,m:gmail,28
2026-04-06,mail_provider,m:gmail,22
2026-04-13,mail_provider,m:gmail,15
2026-04-20,mail_provider,m:gmail,10
2026-04-27,mail_provider,m:gmail,22
2026-05-04,mail_provider,m:gmail,25
2026-05-11,mail_provider,m:gmail,17
2026-05-18,mail_provider,m:gmail,11
2026-05-25,mail_provider,m:gmail,17
2026-06-01,mail_provider,m:gmail,9
2026-06-08,mail_provider,m:gmail,10
2026-06-15,mail_provider,m:gmail,12
2026-06-22,mail_provider,m:gmail,15
2026-06-29,mail_provider,m:gmail,21
2026-07-06,mail_provider,m:gmail,16
2026-07-13,mail_provider,m:gmail,13
2026-07-20,mail_provider,m:gmail,17
2026-07-27,mail_provider,m:gmail,13
2026-08-03,mail_provider,m:gmail,18
2026-08-10,mail_provider,m:gmail,3
2026-02-16,mail_provider,m:gmx,2
2026-02-23,mail_provider,m:gmx,1
2026-03-02,mail_provider,m:gmx,3
2026-03-09,mail_provider,m:gmx,4
2026-03-16,mail_provider,m:gmx,2
2026-03-23,mail_provider,m:gmx,4
2026-03-30,mail_provider,m:gmx,3
2026-04-06,mail_provider,m:gmx,1
2026-04-13,mail_provider,m:gmx,1
2026-04-20,mail_provider,m:gmx,1
2026-04-27,mail_provider,m:gmx,2
2026-05-11,mail_provider,m:gmx,1
2026-06-01,mail_provider,m:gmx,1
2026-06-08,mail_provider,m:gmx,1
2026-07-06,mail_provider,m:gmx,1
2026-07-13,mail_provider,m:gmx,1
2026-07-20,mail_provider,m:gmx,1
2026-07-27,mail_provider,m:gmx,1
2026-02-16,mail_provider,m:icloud,1
2026-02-23,mail_provider,m:icloud,4
2026-03-02,mail_provider,m:icloud,1
2026-03-09,mail_provider,m:icloud,2
2026-03-16,mail_provider,m:icloud,1
2026-03-30,mail_provider,m:icloud,2
2026-04-13,mail_provider,m:icloud,1
2026-04-20,mail_provider,m:icloud,1
2026-04-27,mail_provider,m:icloud,1
2026-05-04,mail_provider,m:icloud,2
2026-05-25,mail_provider,m:icloud,3
2026-06-01,mail_provider,m:icloud,5
2026-06-22,mail_provider,m:icloud,3
2026-06-29,mail_provider,m:icloud,1
2026-07-06,mail_provider,m:icloud,2
2026-07-13,mail_provider,m:icloud,2
2026-07-20,mail_provider,m:icloud,1
2026-08-03,mail_provider,m:icloud,1
2026-02-16,mail_provider,m:ionos,1
2026-02-23,mail_provider,m:ionos,1
2026-03-09,mail_provider,m:ionos,1
2026-03-30,mail_provider,m:ionos,1
2026-04-27,mail_provider,m:ionos,1
2026-05-11,mail_provider,m:ionos,1
2026-06-08,mail_provider,m:ionos,1
2026-08-03,mail_provider,m:ionos,1
2026-03-09,mail_provider,m:kpn,1
2026-05-11,mail_provider,m:kpn,1
2026-05-18,mail_provider,m:kpn,1
2026-06-08,mail_provider,m:kpn,1
2026-03-02,mail_provider,m:libero,1
2026-05-11,mail_provider,m:libero,1
2026-06-22,mail_provider,m:libero,1
2026-06-29,mail_provider,m:libero,1
2026-07-20,mail_provider,m:libero,1
2026-03-02,mail_provider,m:mailcom,2
2026-03-09,mail_provider,m:mailcom,4
2026-04-06,mail_provider,m:mailcom,1
2026-07-20,mail_provider,m:mailcom,1
2026-03-23,mail_provider,m:mailfence,1
2026-06-01,mail_provider,m:mailfence,1
2026-06-29,mail_provider,m:mailfence,1
2026-08-03,mail_provider,m:mailfence,1
2026-03-02,mail_provider,m:mailru,1
2026-05-11,mail_provider,m:mailru,1
2026-02-23,mail_provider,m:mediacom,1
2026-08-03,mail_provider,m:mediacom,1
2026-02-16,mail_provider,m:microsoftemail,19
2026-02-23,mail_provider,m:microsoftemail,23
2026-03-02,mail_provider,m:microsoftemail,17
2026-03-09,mail_provider,m:microsoftemail,19
2026-03-16,mail_provider,m:microsoftemail,11
2026-03-23,mail_provider,m:microsoftemail,13
2026-03-30,mail_provider,m:microsoftemail,15
2026-04-06,mail_provider,m:microsoftemail,20
2026-04-13,mail_provider,m:microsoftemail,10
2026-04-20,mail_provider,m:microsoftemail,13
2026-04-27,mail_provider,m:microsoftemail,16
2026-05-04,mail_provider,m:microsoftemail,18
2026-05-11,mail_provider,m:microsoftemail,22
2026-05-18,mail_provider,m:microsoftemail,18
2026-05-25,mail_provider,m:microsoftemail,10
2026-06-01,mail_provider,m:microsoftemail,19
2026-06-08,mail_provider,m:microsoftemail,9
2026-06-15,mail_provider,m:microsoftemail,7
2026-06-22,mail_provider,m:microsoftemail,11
2026-06-29,mail_provider,m:microsoftemail,15
2026-07-06,mail_provider,m:microsoftemail,11
2026-07-13,mail_provider,m:microsoftemail,6
2026-07-20,mail_provider,m:microsoftemail,7
2026-07-27,mail_provider,m:microsoftemail,8
2026-08-03,mail_provider,m:microsoftemail,14
2026-08-10,mail_provider,m:microsoftemail,3
2026-03-16,mail_provider,m:onecom,1
2026-04-13,mail_provider,m:onecom,1
2026-05-25,mail_provider,m:onecom,1
2026-04-06,mail_provider,m:optimum,1
2026-04-20,mail_provider,m:optimum,1
2026-04-27,mail_provider,m:optimum,2
2026-02-16,mail_provider,m:orange,3
2026-03-02,mail_provider,m:orange,2
2026-03-09,mail_provider,m:orange,1
2026-03-23,mail_provider,m:orange,2
2026-03-30,mail_provider,m:orange,1
2026-04-13,mail_provider,m:orange,1
2026-06-01,mail_provider,m:orange,4
2026-06-08,mail_provider,m:orange,1
2026-06-22,mail_provider,m:orange,1
2026-07-20,mail_provider,m:orange,1
2026-06-01,mail_provider,m:posteo,1
2026-07-06,mail_provider,m:posteo,2
2026-02-16,mail_provider,m:protonmail,1
2026-02-23,mail_provider,m:protonmail,1
2026-03-02,mail_provider,m:protonmail,2
2026-03-09,mail_provider,m:protonmail,1
2026-03-16,mail_provider,m:protonmail,1
2026-03-30,mail_provider,m:protonmail,1
2026-05-18,mail_provider,m:protonmail,1
2026-03-02,mail_provider,m:rogers,1
2026-03-09,mail_provider,m:rogers,1
2026-03-16,mail_provider,m:rogers,1
2026-03-23,mail_provider,m:rogers,1
2026-03-30,mail_provider,m:rogers,1
2026-05-11,mail_provider,m:rogers,1
2026-05-18,mail_provider,m:rogers,1
2026-06-08,mail_provider,m:rogers,1
2026-06-15,mail_provider,m:rogers,1
2026-06-29,mail_provider,m:rogers,1
2026-07-06,mail_provider,m:rogers,1
2026-04-13,mail_provider,m:seznam,1
2026-03-02,mail_provider,m:sfr,1
2026-04-13,mail_provider,m:sfr,1
2026-07-06,mail_provider,m:sfr,1
2026-03-02,mail_provider,m:shaw,1
2026-03-16,mail_provider,m:shaw,1
2026-03-23,mail_provider,m:shaw,1
2026-03-30,mail_provider,m:shaw,2
2026-04-20,mail_provider,m:shaw,1
2026-06-08,mail_provider,m:shaw,3
2026-06-29,mail_provider,m:shaw,1
2026-07-06,mail_provider,m:shaw,2
2026-07-20,mail_provider,m:shaw,1
2026-08-03,mail_provider,m:shaw,1
2026-03-30,mail_provider,m:skynet_be,2
2026-02-16,mail_provider,m:spectrum,5
2026-02-23,mail_provider,m:spectrum,2
2026-03-02,mail_provider,m:spectrum,1
2026-03-09,mail_provider,m:spectrum,2
2026-03-16,mail_provider,m:spectrum,2
2026-03-23,mail_provider,m:spectrum,2
2026-03-30,mail_provider,m:spectrum,1
2026-04-13,mail_provider,m:spectrum,3
2026-04-20,mail_provider,m:spectrum,2
2026-04-27,mail_provider,m:spectrum,1
2026-05-04,mail_provider,m:spectrum,6
2026-05-11,mail_provider,m:spectrum,2
2026-05-18,mail_provider,m:spectrum,8
2026-05-25,mail_provider,m:spectrum,2
2026-06-01,mail_provider,m:spectrum,5
2026-06-08,mail_provider,m:spectrum,13
2026-06-15,mail_provider,m:spectrum,2
2026-06-29,mail_provider,m:spectrum,1
2026-07-06,mail_provider,m:spectrum,2
2026-07-13,mail_provider,m:spectrum,1
2026-07-20,mail_provider,m:spectrum,1
2026-07-27,mail_provider,m:spectrum,1
2026-08-03,mail_provider,m:spectrum,3
2026-03-09,mail_provider,m:strato,1
2026-06-15,mail_provider,m:strato,1
2026-03-23,mail_provider,m:telus,1
2026-02-16,mail_provider,m:thundermail,1
2026-03-30,mail_provider,m:thundermail,1
2026-05-18,mail_provider,m:thundermail,1
2026-07-13,mail_provider,m:thundermail,1
2026-07-20,mail_provider,m:thundermail,1
2026-08-03,mail_provider,m:thundermail,1
2026-05-18,mail_provider,m:tiscali,1
2026-06-15,mail_provider,m:tiscali,2
2026-06-29,mail_provider,m:tiscali,1
2026-02-16,mail_provider,m:tonline,1
2026-02-23,mail_provider,m:tonline,1
2026-03-02,mail_provider,m:tonline,1
2026-03-09,mail_provider,m:tonline,1
2026-03-16,mail_provider,m:tonline,1
2026-03-23,mail_provider,m:tonline,1
2026-04-06,mail_provider,m:tonline,1
2026-04-13,mail_provider,m:tonline,1
2026-05-04,mail_provider,m:tonline,1
2026-05-11,mail_provider,m:tonline,1
2026-06-08,mail_provider,m:tonline,1
2026-06-15,mail_provider,m:tonline,1
2026-06-29,mail_provider,m:tonline,1
2026-07-06,mail_provider,m:tonline,1
2026-07-13,mail_provider,m:tonline,1
2026-05-11,mail_provider,m:tutanota,1
2026-03-16,mail_provider,m:verizon,1
2026-04-13,mail_provider,m:verizon,1
2026-05-04,mail_provider,m:verizon,2
2026-05-11,mail_provider,m:verizon,1
2026-05-18,mail_provider,m:verizon,1
2026-06-22,mail_provider,m:verizon,1
2026-07-06,mail_provider,m:verizon,1
2026-08-03,mail_provider,m:verizon,1
2026-02-23,mail_provider,m:virgilio,1
2026-03-16,mail_provider,m:virgilio,1
2026-03-23,mail_provider,m:virgilio,1
2026-05-18,mail_provider,m:virgilio,1
2026-05-25,mail_provider,m:virgilio,2
2026-02-16,mail_provider,m:virginmedia,1
2026-03-30,mail_provider,m:virginmedia,1
2026-04-13,mail_provider,m:virginmedia,1
2026-05-25,mail_provider,m:virginmedia,1
2026-07-13,mail_provider,m:virginmedia,1
2026-07-20,mail_provider,m:virginmedia,1
2026-03-30,mail_provider,m:vodafone,1
2026-05-04,mail_provider,m:vodafone,4
2026-05-11,mail_provider,m:vodafone,1
2026-06-08,mail_provider,m:vodafone,1
2026-03-09,mail_provider,m:webde,1
2026-04-06,mail_provider,m:webde,1
2026-03-02,mail_provider,m:windstream,1
2026-05-18,mail_provider,m:windstream,1
2026-05-25,mail_provider,m:windstream,1
2026-06-22,mail_provider,m:windstream,1
2026-06-29,mail_provider,m:windstream,1
2026-08-03,mail_provider,m:windstream,1
2026-05-11,mail_provider,m:wppl,1
2026-08-03,mail_provider,m:xtra_nz,2
2026-02-16,mail_provider,m:yahooemail,6
2026-02-23,mail_provider,m:yahooemail,25
2026-03-02,mail_provider,m:yahooemail,20
2026-03-09,mail_provider,m:yahooemail,17
2026-03-16,mail_provider,m:yahooemail,9
2026-03-23,mail_provider,m:yahooemail,10
2026-03-30,mail_provider,m:yahooemail,4
2026-04-06,mail_provider,m:yahooemail,12
2026-04-13,mail_provider,m:yahooemail,4
2026-04-20,mail_provider,m:yahooemail,6
2026-04-27,mail_provider,m:yahooemail,7
2026-05-04,mail_provider,m:yahooemail,9
2026-05-11,mail_provider,m:yahooemail,11
2026-05-18,mail_provider,m:yahooemail,7
2026-05-25,mail_provider,m:yahooemail,14
2026-06-01,mail_provider,m:yahooemail,6
2026-06-08,mail_provider,m:yahooemail,8
2026-06-15,mail_provider,m:yahooemail,4
2026-06-22,mail_provider,m:yahooemail,4
2026-06-29,mail_provider,m:yahooemail,11
2026-07-06,mail_provider,m:yahooemail,6
2026-07-13,mail_provider,m:yahooemail,3
2026-07-20,mail_provider,m:yahooemail,5
2026-07-27,mail_provider,m:yahooemail,12
2026-08-03,mail_provider,m:yahooemail,14
2026-08-10,mail_provider,m:yahooemail,4
2026-02-16,mail_provider,m:yandex,1
2026-03-16,mail_provider,m:yandex,1
2026-05-04,mail_provider,m:yandex,1
2026-05-25,mail_provider,m:yandex,1
2026-08-03,mail_provider,m:yandex,1
2026-03-02,mail_provider,m:ziggo,1
2026-03-09,mail_provider,m:ziggo,1
2026-04-20,mail_provider,m:ziggo,1
2026-04-27,mail_provider,m:ziggo,1
2026-05-25,mail_provider,m:ziggo,1
2026-07-20,mail_provider,m:ziggo,2
2026-02-23,mail_provider,m:zoho,1
2026-03-30,mail_provider,m:zoho,1
2026-04-13,mail_provider,m:zoho,1
2026-04-27,mail_provider,m:zoho,1
2026-05-11,mail_provider,m:zoho,1
2026-06-22,mail_provider,m:zoho,1
2026-07-13,mail_provider,m:zoho,2
2026-02-16,os,os:android,1
2026-02-23,os,os:android,2
2026-03-02,os,os:android,1
2026-03-09,os,os:android,5
2026-03-16,os,os:android,2
2026-03-23,os,os:android,2
2026-03-30,os,os:android,1
2026-04-06,os,os:android,2
2026-04-13,os,os:android,2
2026-04-20,os,os:android,2
2026-04-27,os,os:android,6
2026-05-04,os,os:android,3
2026-05-25,os,os:android,2
2026-06-08,os,os:android,2
2026-06-15,os,os:android,1
2026-06-29,os,os:android,3
2026-07-06,os,os:android,4
2026-07-20,os,os:android,1
2026-07-27,os,os:android,1
2026-08-03,os,os:android,3
2026-02-16,os,os:linux,19
2026-02-23,os,os:linux,20
2026-03-02,os,os:linux,23
2026-03-09,os,os:linux,21
2026-03-16,os,os:linux,19
2026-03-23,os,os:linux,15
2026-03-30,os,os:linux,16
2026-04-06,os,os:linux,11
2026-04-13,os,os:linux,17
2026-04-20,os,os:linux,6
2026-04-27,os,os:linux,19
2026-05-04,os,os:linux,13
2026-05-11,os,os:linux,17
2026-05-18,os,os:linux,18
2026-05-25,os,os:linux,12
2026-06-01,os,os:linux,14
2026-06-08,os,os:linux,12
2026-06-15,os,os:linux,10
2026-06-22,os,os:linux,22
2026-06-29,os,os:linux,16
2026-07-06,os,os:linux,6
2026-07-13,os,os:linux,11
2026-07-20,os,os:linux,18
2026-07-27,os,os:linux,21
2026-08-03,os,os:linux,27
2026-08-10,os,os:linux,3
2026-02-16,os,os:macos,18
2026-02-23,os,os:macos,17
2026-03-02,os,os:macos,16
2026-03-09,os,os:macos,23
2026-03-16,os,os:macos,17
2026-03-23,os,os:macos,17
2026-03-30,os,os:macos,15
2026-04-06,os,os:macos,10
2026-04-13,os,os:macos,15
2026-04-20,os,os:macos,8
2026-04-27,os,os:macos,17
2026-05-04,os,os:macos,10
2026-05-11,os,os:macos,19
2026-05-18,os,os:macos,8
2026-05-25,os,os:macos,14
2026-06-01,os,os:macos,9
2026-06-08,os,os:macos,14
2026-06-15,os,os:macos,8
2026-06-22,os,os:macos,15
2026-06-29,os,os:macos,11
2026-07-06,os,os:macos,14
2026-07-13,os,os:macos,10
2026-07-20,os,os:macos,7
2026-07-27,os,os:macos,8
2026-08-03,os,os:macos,19
2026-08-10,os,os:macos,1
2026-02-16,os,os:other,4
2026-03-02,os,os:other,2
2026-03-09,os,os:other,4
2026-04-06,os,os:other,1
2026-04-27,os,os:other,3
2026-05-04,os,os:other,3
2026-05-18,os,os:other,3
2026-05-25,os,os:other,1
2026-06-01,os,os:other,2
2026-06-08,os,os:other,3
2026-06-15,os,os:other,2
2026-06-22,os,os:other,3
2026-06-29,os,os:other,6
2026-07-06,os,os:other,1
2026-07-13,os,os:other,2
2026-07-20,os,os:other,2
2026-07-27,os,os:other,2
2026-08-03,os,os:other,3
2026-02-16,os,os:windows,167
2026-02-23,os,os:windows,229
2026-03-02,os,os:windows,175
2026-03-09,os,os:windows,170
2026-03-16,os,os:windows,151
2026-03-23,os,os:windows,150
2026-03-30,os,os:windows,153
2026-04-06,os,os:windows,159
2026-04-13,os,os:windows,132
2026-04-20,os,os:windows,139
2026-04-27,os,os:windows,132
2026-05-04,os,os:windows,168
2026-05-11,os,os:windows,138
2026-05-18,os,os:windows,145
2026-05-25,os,os:windows,164
2026-06-01,os,os:windows,131
2026-06-08,os,os:windows,150
2026-06-15,os,os:windows,131
2026-06-22,os,os:windows,131
2026-06-29,os,os:windows,132
2026-07-06,os,os:windows,131
2026-07-13,os,os:windows,119
2026-07-20,os,os:windows,145
2026-07-27,os,os:windows,131
2026-08-03,os,os:windows,153
2026-08-10,os,os:windows,25
2026-02-23,protocol,proto:caldav,3
2026-03-02,protocol,proto:caldav,1
2026-03-16,protocol,proto:caldav,1
2026-04-06,protocol,proto:caldav,1
2026-04-13,protocol,proto:caldav,1
2026-04-27,protocol,proto:caldav,1
2026-05-25,protocol,proto:caldav,1
2026-06-01,protocol,proto:caldav,2
2026-06-22,protocol,proto:caldav,1
2026-07-06,protocol,proto:caldav,1
2026-07-20,protocol,proto:caldav,2
2026-02-16,protocol,proto:carddav,1
2026-03-02,protocol,proto:carddav,1
2026-03-09,protocol,proto:carddav,1
2026-03-16,protocol,proto:carddav,1
2026-03-23,protocol,proto:carddav,1
2026-03-30,protocol,proto:carddav,1
2026-04-06,protocol,proto:carddav,2
2026-05-04,protocol,proto:carddav,1
2026-06-22,protocol,proto:carddav,1
2026-07-13,protocol,proto:carddav,1
2026-03-02,protocol,proto:ews,3
2026-04-27,protocol,proto:ews,1
2026-05-04,protocol,proto:ews,1
2026-05-18,protocol,proto:ews,1
2026-05-25,protocol,proto:ews,1
2026-06-08,protocol,proto:ews,1
2026-06-29,protocol,proto:ews,1
2026-07-27,protocol,proto:ews,1
2026-08-03,protocol,proto:ews,1
2026-02-16,protocol,proto:imap,14
2026-02-23,protocol,proto:imap,16
2026-03-02,protocol,proto:imap,21
2026-03-09,protocol,proto:imap,17
2026-03-16,protocol,proto:imap,12
2026-03-23,protocol,proto:imap,20
2026-03-30,protocol,proto:imap,11
2026-04-06,protocol,proto:imap,9
2026-04-13,protocol,proto:imap,13
2026-04-20,protocol,proto:imap,5
2026-04-27,protocol,proto:imap,8
2026-05-04,protocol,proto:imap,16
2026-05-11,protocol,proto:imap,13
2026-05-18,protocol,proto:imap,17
2026-05-25,protocol,proto:imap,14
2026-06-01,protocol,proto:imap,16
2026-06-08,protocol,proto:imap,10
2026-06-15,protocol,proto:imap,8
2026-06-22,protocol,proto:imap,12
2026-06-29,protocol,proto:imap,15
2026-07-06,protocol,proto:imap,14
2026-07-13,protocol,proto:imap,11
2026-07-20,protocol,proto:imap,13
2026-07-27,protocol,proto:imap,10
2026-08-03,protocol,proto:imap,13
2026-08-10,protocol,proto:imap,6
2026-02-16,protocol,proto:oauth,2
2026-02-23,protocol,proto:oauth,15
2026-03-02,protocol,proto:oauth,14
2026-03-09,protocol,proto:oauth,5
2026-03-16,protocol,proto:oauth,6
2026-03-23,protocol,proto:oauth,4
2026-03-30,protocol,proto:oauth,6
2026-04-06,protocol,proto:oauth,2
2026-04-13,protocol,proto:oauth,4
2026-04-20,protocol,proto:oauth,2
2026-04-27,protocol,proto:oauth,1
2026-05-04,protocol,proto:oauth,2
2026-05-11,protocol,proto:oauth,6
2026-05-18,protocol,proto:oauth,4
2026-05-25,protocol,proto:oauth,4
2026-06-01,protocol,proto:oauth,3
2026-06-08,protocol,proto:oauth,2
2026-06-15,protocol,proto:oauth,6
2026-06-22,protocol,proto:oauth,1
2026-06-29,protocol,proto:oauth,2
2026-07-06,protocol,proto:oauth,6
2026-07-13,protocol,proto:oauth,4
2026-07-20,protocol,proto:oauth,5
2026-07-27,protocol,proto:oauth,3
2026-08-03,protocol,proto:oauth,3
2026-08-10,protocol,proto:oauth,3
2026-02-16,protocol,proto:pop,8
2026-02-23,protocol,proto:pop,14
2026-03-02,protocol,proto:pop,7
2026-03-09,protocol,proto:pop,10
2026-03-16,protocol,proto:pop,5
2026-03-23,protocol,proto:pop,7
2026-03-30,protocol,proto:pop,4
2026-04-06,protocol,proto:pop,6
2026-04-13,protocol,proto:pop,10
2026-04-20,protocol,proto:pop,10
2026-04-27,protocol,proto:pop,6
2026-05-04,protocol,proto:pop,8
2026-05-11,protocol,proto:pop,10
2026-05-18,protocol,proto:pop,12
2026-05-25,protocol,proto:pop,10
2026-06-01,protocol,proto:pop,8
2026-06-08,protocol,proto:pop,10
2026-06-15,protocol,proto:pop,3
2026-06-22,protocol,proto:pop,5
2026-06-29,protocol,proto:pop,12
2026-07-06,protocol,proto:pop,11
2026-07-13,protocol,proto:pop,9
2026-07-20,protocol,proto:pop,6
2026-07-27,protocol,proto:pop,10
2026-08-03,protocol,proto:pop,14
2026-08-10,protocol,proto:pop,4
2026-02-16,protocol,proto:smtp,9
2026-02-23,protocol,proto:smtp,11
2026-03-02,protocol,proto:smtp,16
2026-03-09,protocol,proto:smtp,7
2026-03-16,protocol,proto:smtp,7
2026-03-23,protocol,proto:smtp,14
2026-03-30,protocol,proto:smtp,10
2026-04-06,protocol,proto:smtp,5
2026-04-13,protocol,proto:smtp,5
2026-04-20,protocol,proto:smtp,3
2026-04-27,protocol,proto:smtp,7
2026-05-04,protocol,proto:smtp,14
2026-05-11,protocol,proto:smtp,11
2026-05-18,protocol,proto:smtp,6
2026-05-25,protocol,proto:smtp,3
2026-06-01,protocol,proto:smtp,8
2026-06-08,protocol,proto:smtp,8
2026-06-15,protocol,proto:smtp,5
2026-06-22,protocol,proto:smtp,3
2026-06-29,protocol,proto:smtp,5
2026-07-06,protocol,proto:smtp,12
2026-07-13,protocol,proto:smtp,5
2026-07-20,protocol,proto:smtp,10
2026-07-27,protocol,proto:smtp,5
2026-08-03,protocol,proto:smtp,7
2026-08-10,protocol,proto:smtp,2
2026-02-16,tb_version_major,102,1
2026-02-23,tb_version_major,102,3
2026-03-02,tb_version_major,102,1
2026-04-06,tb_version_major,102,1
2026-05-18,tb_version_major,102,1
2026-05-25,tb_version_major,102,1
2026-06-01,tb_version_major,102,1
2026-06-29,tb_version_major,102,1
2026-07-13,tb_version_major,102,3
2026-04-13,tb_version_major,104,1
2026-02-16,tb_version_major,115,3
2026-02-23,tb_version_major,115,4
2026-03-02,tb_version_major,115,2
2026-03-09,tb_version_major,115,4
2026-03-16,tb_version_major,115,3
2026-03-23,tb_version_major,115,4
2026-03-30,tb_version_major,115,3
2026-04-06,tb_version_major,115,3
2026-04-13,tb_version_major,115,4
2026-04-20,tb_version_major,115,8
2026-04-27,tb_version_major,115,4
2026-05-04,tb_version_major,115,10
2026-05-11,tb_version_major,115,2
2026-05-18,tb_version_major,115,4
2026-05-25,tb_version_major,115,4
2026-06-01,tb_version_major,115,6
2026-06-08,tb_version_major,115,8
2026-06-15,tb_version_major,115,7
2026-06-22,tb_version_major,115,3
2026-06-29,tb_version_major,115,5
2026-07-06,tb_version_major,115,4
2026-07-13,tb_version_major,115,3
2026-07-20,tb_version_major,115,2
2026-07-27,tb_version_major,115,5
2026-08-03,tb_version_major,115,6
2026-08-10,tb_version_major,115,3
2026-02-16,tb_version_major,128,1
2026-02-23,tb_version_major,128,1
2026-03-02,tb_version_major,128,1
2026-03-09,tb_version_major,128,3
2026-03-16,tb_version_major,128,1
2026-03-23,tb_version_major,128,1
2026-03-30,tb_version_major,128,1
2026-04-06,tb_version_major,128,1
2026-04-13,tb_version_major,128,1
2026-04-20,tb_version_major,128,1
2026-05-04,tb_version_major,128,1
2026-05-18,tb_version_major,128,2
2026-05-25,tb_version_major,128,2
2026-06-01,tb_version_major,128,1
2026-06-15,tb_version_major,128,2
2026-06-29,tb_version_major,128,1
2026-07-06,tb_version_major,128,1
2026-07-13,tb_version_major,128,2
2026-07-27,tb_version_major,128,1
2026-08-03,tb_version_major,128,1
2026-03-30,tb_version_major,137,1
2026-04-06,tb_version_major,139,1
2026-06-22,tb_version_major,139,1
2026-07-13,tb_version_major,139,1
2026-02-16,tb_version_major,140,33
2026-02-23,tb_version_major,140,38
2026-03-02,tb_version_major,140,18
2026-03-09,tb_version_major,140,33
2026-03-16,tb_version_major,140,26
2026-03-23,tb_version_major,140,22
2026-03-30,tb_version_major,140,22
2026-04-06,tb_version_major,140,39
2026-04-13,tb_version_major,140,47
2026-04-20,tb_version_major,140,40
2026-04-27,tb_version_major,140,47
2026-05-04,tb_version_major,140,41
2026-05-11,tb_version_major,140,52
2026-05-18,tb_version_major,140,46
2026-05-25,tb_version_major,140,51
2026-06-01,tb_version_major,140,50
2026-06-08,tb_version_major,140,40
2026-06-15,tb_version_major,140,34
2026-06-22,tb_version_major,140,44
2026-06-29,tb_version_major,140,45
2026-07-06,tb_version_major,140,40
2026-07-13,tb_version_major,140,39
2026-07-20,tb_version_major,140,46
2026-07-27,tb_version_major,140,29
2026-08-03,tb_version_major,140,19
2026-08-10,tb_version_major,140,3
2026-06-08,tb_version_major,141,1
2026-03-09,tb_version_major,142,1
2026-03-23,tb_version_major,142,1
2026-05-11,tb_version_major,142,1
2026-06-15,tb_version_major,142,1
2026-07-13,tb_version_major,142,1
2026-03-16,tb_version_major,143,1
2026-04-20,tb_version_major,143,1
2026-06-08,tb_version_major,143,1
2026-06-22,tb_version_major,143,1
2026-07-27,tb_version_major,143,1
2026-03-16,tb_version_major,144,1
2026-05-25,tb_version_major,144,1
2026-06-01,tb_version_major,144,1
2026-03-02,tb_version_major,145,2
2026-03-09,tb_version_major,145,1
2026-06-15,tb_version_major,145,1
2026-07-13,tb_version_major,145,1
2026-02-23,tb_version_major,146,1
2026-03-16,tb_version_major,146,2
2026-03-23,tb_version_major,146,1
2026-04-13,tb_version_major,146,1
2026-04-27,tb_version_major,146,1
2026-05-18,tb_version_major,146,1
2026-06-01,tb_version_major,146,1
2026-06-08,tb_version_major,146,1
2026-06-22,tb_version_major,146,1
2026-07-06,tb_version_major,146,1
2026-08-03,tb_version_major,146,1
2026-02-16,tb_version_major,147,41
2026-02-23,tb_version_major,147,24
2026-03-02,tb_version_major,147,10
2026-03-09,tb_version_major,147,4
2026-03-16,tb_version_major,147,2
2026-03-23,tb_version_major,147,1
2026-04-06,tb_version_major,147,2
2026-04-13,tb_version_major,147,1
2026-04-27,tb_version_major,147,1
2026-05-11,tb_version_major,147,1
2026-05-18,tb_version_major,147,1
2026-06-08,tb_version_major,147,1
2026-06-22,tb_version_major,147,1
2026-02-16,tb_version_major,148,1
2026-02-23,tb_version_major,148,62
2026-03-02,tb_version_major,148,56
2026-03-09,tb_version_major,148,43
2026-03-16,tb_version_major,148,44
2026-03-23,tb_version_major,148,18
2026-03-30,tb_version_major,148,2
2026-04-06,tb_version_major,148,4
2026-04-13,tb_version_major,148,1
2026-04-20,tb_version_major,148,1
2026-04-27,tb_version_major,148,1
2026-05-04,tb_version_major,148,1
2026-06-01,tb_version_major,148,1
2026-06-22,tb_version_major,148,1
2026-06-29,tb_version_major,148,1
2026-07-06,tb_version_major,148,1
2026-02-23,tb_version_major,149,2
2026-03-02,tb_version_major,149,1
2026-03-09,tb_version_major,149,1
2026-03-16,tb_version_major,149,1
2026-03-23,tb_version_major,149,28
2026-03-30,tb_version_major,149,39
2026-04-06,tb_version_major,149,70
2026-04-13,tb_version_major,149,85
2026-04-20,tb_version_major,149,42
2026-04-27,tb_version_major,149,12
2026-05-04,tb_version_major,149,9
2026-05-11,tb_version_major,149,2
2026-05-18,tb_version_major,149,3
2026-05-25,tb_version_major,149,1
2026-06-01,tb_version_major,149,2
2026-06-08,tb_version_major,149,3
2026-06-15,tb_version_major,149,5
2026-06-22,tb_version_major,149,1
2026-06-29,tb_version_major,149,2
2026-07-13,tb_version_major,149,3
2026-07-27,tb_version_major,149,1
2026-04-06,tb_version_major,150,2
2026-04-13,tb_version_major,150,2
2026-04-20,tb_version_major,150,43
2026-04-27,tb_version_major,150,85
2026-05-04,tb_version_major,150,100
2026-05-11,tb_version_major,150,93
2026-05-18,tb_version_major,150,43
2026-05-25,tb_version_major,150,13
2026-06-01,tb_version_major,150,3
2026-06-08,tb_version_major,150,6
2026-06-15,tb_version_major,150,1
2026-06-22,tb_version_major,150,3
2026-06-29,tb_version_major,150,6
2026-07-06,tb_version_major,150,9
2026-07-13,tb_version_major,150,7
2026-07-20,tb_version_major,150,6
2026-07-27,tb_version_major,150,2
2026-08-03,tb_version_major,150,10
2026-08-10,tb_version_major,150,1
2026-04-27,tb_version_major,151,1
2026-05-04,tb_version_major,151,1
2026-05-18,tb_version_major,151,49
2026-05-25,tb_version_major,151,86
2026-06-01,tb_version_major,151,68
2026-06-08,tb_version_major,151,87
2026-06-15,tb_version_major,151,27
2026-06-22,tb_version_major,151,7
2026-07-13,tb_version_major,151,1
2026-07-20,tb_version_major,151,3
2026-07-27,tb_version_major,151,1
2026-08-03,tb_version_major,151,1
2026-04-20,tb_version_major,152,1
2026-05-25,tb_version_major,152,1
2026-06-01,tb_version_major,152,2
2026-06-08,tb_version_major,152,3
2026-06-15,tb_version_major,152,48
2026-06-22,tb_version_major,152,80
2026-06-29,tb_version_major,152,78
2026-07-06,tb_version_major,152,65
2026-07-13,tb_version_major,152,56
2026-07-20,tb_version_major,152,31
2026-07-27,tb_version_major,152,7
2026-08-03,tb_version_major,152,4
2026-05-18,tb_version_major,153,1
2026-06-22,tb_version_major,153,1
2026-06-29,tb_version_major,153,4
2026-07-20,tb_version_major,153,43
2026-07-27,tb_version_major,153,79
2026-08-03,tb_version_major,153,135
2026-08-10,tb_version_major,153,21
2026-07-27,tb_version_major,154,2
2026-08-03,tb_version_major,154,1
2026-02-16,tb_version_major,155,1
2026-06-22,tb_version_major,156,1
2026-04-27,tb_version_major,159,1
2026-02-16,total,all,213
2026-02-23,total,all,277
2026-03-02,total,all,228
2026-03-09,total,all,231
2026-03-16,total,all,192
2026-03-23,total,all,187
2026-03-30,total,all,189
2026-04-06,total,all,187
2026-04-13,total,all,167
2026-04-20,total,all,162
2026-04-27,total,all,180
2026-05-04,total,all,198
2026-05-11,total,all,186
2026-05-18,total,all,177
2026-05-25,total,all,197
2026-06-01,total,all,158
2026-06-08,total,all,183
2026-06-15,total,all,153
2026-06-22,total,all,174
2026-06-29,total,all,171
2026-07-06,total,all,160
2026-07-13,total,all,148
2026-07-20,total,all,176
2026-07-27,total,all,168
2026-08-03,total,all,210
2026-08-10,total,all,29
