date,dim,value,count,baseline_median,magnitude,kind,question_ids,example_urls,example_titles
2026-06-27,tb_version_major,152,6,1.0,6.0,above-baseline,1589818 1589841 1589864 1589874 1589877 1589910,https://support.mozilla.org/questions/1589818 https://support.mozilla.org/questions/1589841 https://support.mozilla.org/questions/1589864 https://support.mozilla.org/questions/1589874 https://support.mozilla.org/questions/1589877 https://support.mozilla.org/questions/1589910,My wife sends me a message and it shows it;s from someone el | Cannot delete messages | Password for a unknown mail address. | Any attempt to add a Nextcloud CalDAV calendar to Thunderbir | The update of June 20 completely replaced the existing versi
2026-06-26,tb_version_major,152,16,1.0,16.0,above-baseline,1589625 1589639 1589641 1589642 1589655 1589657 1589680 1589710 1589727 1589735 1589743 1589745 1589749 1589769 1589788 1589805,https://support.mozilla.org/questions/1589625 https://support.mozilla.org/questions/1589639 https://support.mozilla.org/questions/1589641 https://support.mozilla.org/questions/1589642 https://support.mozilla.org/questions/1589655 https://support.mozilla.org/questions/1589657 https://support.mozilla.org/questions/1589680 https://support.mozilla.org/questions/1589710 https://support.mozilla.org/questions/1589727 https://support.mozilla.org/questions/1589735 https://support.mozilla.org/questions/1589743 https://support.mozilla.org/questions/1589745 https://support.mozilla.org/questions/1589749 https://support.mozilla.org/questions/1589769 https://support.mozilla.org/questions/1589788 https://support.mozilla.org/questions/1589805,"Thunderbird Message Filtering | Help needed to resolve error 400 sign in request? | The Status Bar and progress bar do not show during prompted  | trouble creating an identity | When i reply to email, can have ""from"" address to be whateve"
2026-06-25,tb_version_major,152,15,1.0,15.0,above-baseline,1589455 1589473 1589482 1589488 1589497 1589507 1589510 1589517 1589525 1589533 1589555 1589557 1589563 1589581 1589608,https://support.mozilla.org/questions/1589455 https://support.mozilla.org/questions/1589473 https://support.mozilla.org/questions/1589482 https://support.mozilla.org/questions/1589488 https://support.mozilla.org/questions/1589497 https://support.mozilla.org/questions/1589507 https://support.mozilla.org/questions/1589510 https://support.mozilla.org/questions/1589517 https://support.mozilla.org/questions/1589525 https://support.mozilla.org/questions/1589533 https://support.mozilla.org/questions/1589555 https://support.mozilla.org/questions/1589557 https://support.mozilla.org/questions/1589563 https://support.mozilla.org/questions/1589581 https://support.mozilla.org/questions/1589608,"How do I prevent automatic updates? | versendete Mail wird nicht im Ordner SentMail angezeigt, wo  | Cannot move or copy multiple messages | Assistance Required: Password Protection for Thunderbird Cli | Unable to send or receive emails."
2026-06-24,tb_version_major,152,12,0.5,24.0,above-baseline,1589243 1589281 1589308 1589325 1589332 1589335 1589339 1589342 1589344 1589353 1589380 1589395,https://support.mozilla.org/questions/1589243 https://support.mozilla.org/questions/1589281 https://support.mozilla.org/questions/1589308 https://support.mozilla.org/questions/1589325 https://support.mozilla.org/questions/1589332 https://support.mozilla.org/questions/1589335 https://support.mozilla.org/questions/1589339 https://support.mozilla.org/questions/1589342 https://support.mozilla.org/questions/1589344 https://support.mozilla.org/questions/1589353 https://support.mozilla.org/questions/1589380 https://support.mozilla.org/questions/1589395,"迷惑メールフォルダーに入っていた迷惑メールが勝手にゴミ箱に移動してしまう | Mozilla Thunderbird no ordena las carpetas alfabéticamente s | We're unable to complete your request error when Thunderbird | After laptop reset, my inbox, sent emails, and templates are | Signature does not apply when I forward an email."
2026-06-24,os,os:linux,6,2.0,3.0,above-baseline,1589284 1589304 1589339 1589376 1589394 1589416,https://support.mozilla.org/questions/1589284 https://support.mozilla.org/questions/1589304 https://support.mozilla.org/questions/1589339 https://support.mozilla.org/questions/1589376 https://support.mozilla.org/questions/1589394 https://support.mozilla.org/questions/1589416,S/MIME encryption cannot find recipient's address despite va | incorrect word in English (Australia) dictionary in Linux Th | Missing option to show remote content for a single message | Export or use a single contact as attachement to a mail | How do i get rid of this junk mail i dont see anything your 
2026-06-23,tb_version_major,152,9,0.0,new,new/dormant,1589123 1589138 1589159 1589173 1589191 1589199 1589202 1589211 1589226,https://support.mozilla.org/questions/1589123 https://support.mozilla.org/questions/1589138 https://support.mozilla.org/questions/1589159 https://support.mozilla.org/questions/1589173 https://support.mozilla.org/questions/1589191 https://support.mozilla.org/questions/1589199 https://support.mozilla.org/questions/1589202 https://support.mozilla.org/questions/1589211 https://support.mozilla.org/questions/1589226,How can I view in calendar 7 days on one screen. No matter w | I am trying to enter new settings and can't locate the page | E Mial client listing order | emails move on their own from inbox to trash folder (locked  | Downloading messages
2026-06-22,tb_version_major,152,9,0.0,new,new/dormant,1588926 1588933 1588938 1588974 1588984 1589014 1589022 1589025 1589028,https://support.mozilla.org/questions/1588926 https://support.mozilla.org/questions/1588933 https://support.mozilla.org/questions/1588938 https://support.mozilla.org/questions/1588974 https://support.mozilla.org/questions/1588984 https://support.mozilla.org/questions/1589014 https://support.mozilla.org/questions/1589022 https://support.mozilla.org/questions/1589025 https://support.mozilla.org/questions/1589028,Thunderbird reloading one account on startup and account's f | All of a sudden my emails are permanently staying in bold in | My Gmail Imap is in Local Folders and I want to move it to t | Ho scaricato Thunderbird ma per completare l'installazione i | Issue with recieving any emails
2026-06-21,tb_version_major,152,5,0.0,new,new/dormant,1588710 1588729 1588737 1588804 1588814,https://support.mozilla.org/questions/1588710 https://support.mozilla.org/questions/1588729 https://support.mozilla.org/questions/1588737 https://support.mozilla.org/questions/1588804 https://support.mozilla.org/questions/1588814,Google Kalendar always asks for Password when starting Thund | Thunderbird rel. 152.0 (64 bit) talvolta arriva mail senza m | Mail komt binnen op verkeerd adres | emails in inbox keep moving to trash box by themselves | Loading old calendar from an old profiel
2026-06-20,tb_version_major,152,7,0.0,new,new/dormant,1588488 1588489 1588547 1588600 1588623 1588626 1588637,https://support.mozilla.org/questions/1588488 https://support.mozilla.org/questions/1588489 https://support.mozilla.org/questions/1588547 https://support.mozilla.org/questions/1588600 https://support.mozilla.org/questions/1588623 https://support.mozilla.org/questions/1588626 https://support.mozilla.org/questions/1588637,"Thunderbird is locked-up at 5:21 today. | not receiving all emails | Nog geen licentie thunderbirth | New sorting folders i.e. Work, Home etc | What is ""net.thunderbird"" integration in 152.0?"
2026-06-19,tb_version_major,152,12,0.0,new,new/dormant,1588290 1588292 1588311 1588331 1588332 1588335 1588345 1588351 1588384 1588386 1588394 1588405,https://support.mozilla.org/questions/1588290 https://support.mozilla.org/questions/1588292 https://support.mozilla.org/questions/1588311 https://support.mozilla.org/questions/1588331 https://support.mozilla.org/questions/1588332 https://support.mozilla.org/questions/1588335 https://support.mozilla.org/questions/1588345 https://support.mozilla.org/questions/1588351 https://support.mozilla.org/questions/1588384 https://support.mozilla.org/questions/1588386 https://support.mozilla.org/questions/1588394 https://support.mozilla.org/questions/1588405,Thunderbird keeps asking for password for 3 email accounts s | Calendar (Thunderbird 152 on Windows 11)  keeps asking authe | Received Address book contact goes to 'spam' folder | PROBLEMI MAIL | Local Folder Space
2026-06-18,tb_version_major,152,13,0.0,new,new/dormant,1588073 1588093 1588098 1588132 1588143 1588174 1588176 1588209 1588222 1588234 1588251 1588256 1588268,https://support.mozilla.org/questions/1588073 https://support.mozilla.org/questions/1588093 https://support.mozilla.org/questions/1588098 https://support.mozilla.org/questions/1588132 https://support.mozilla.org/questions/1588143 https://support.mozilla.org/questions/1588174 https://support.mozilla.org/questions/1588176 https://support.mozilla.org/questions/1588209 https://support.mozilla.org/questions/1588222 https://support.mozilla.org/questions/1588234 https://support.mozilla.org/questions/1588251 https://support.mozilla.org/questions/1588256 https://support.mozilla.org/questions/1588268,"How do I remove the message count - see image | Emails stay bold after they are opened | Is there an easy way to switch from BetterBird to Thunderbir | la structure des répertoires de thunderbird n'a pu etre list | email bericht verwijderd uit de prullenbak, deze weer terug "
2026-06-17,tb_version_major,152,7,0.0,new,new/dormant,1587869 1587934 1587939 1587944 1587952 1587963 1587970,https://support.mozilla.org/questions/1587869 https://support.mozilla.org/questions/1587934 https://support.mozilla.org/questions/1587939 https://support.mozilla.org/questions/1587944 https://support.mozilla.org/questions/1587952 https://support.mozilla.org/questions/1587963 https://support.mozilla.org/questions/1587970,"40-50 secondi per collegarsi con host | im not receiving my emails from 3 weeks ago a slow drop of i | buongiorno, da un po di tempo gli appuntamenti sul calendari | O imap não está listado nas passwords, mas funciona. Porque? | I can't register my Yahoo Mail account due to an authenticat"
2026-06-09,isp,isp:spectrum,7,0.0,new,new/dormant,1586383 1586405 1586446 1586481 1586486 1586494 1586504,https://support.mozilla.org/questions/1586383 https://support.mozilla.org/questions/1586405 https://support.mozilla.org/questions/1586446 https://support.mozilla.org/questions/1586481 https://support.mozilla.org/questions/1586486 https://support.mozilla.org/questions/1586494 https://support.mozilla.org/questions/1586504,"Email Accounts are highlighted RED | The certificate for mobile.charter.net does not come from a  | Unable to receive and send emails. | Connetion error, can't recieve emails | Thunderbird is showing Certificate for mobile.charter.net:99"
2026-06-02,tb_version_major,151,10,2.0,5.0,above-baseline,1585164 1585167 1585179 1585181 1585187 1585210 1585216 1585218 1585233 1585266,https://support.mozilla.org/questions/1585164 https://support.mozilla.org/questions/1585167 https://support.mozilla.org/questions/1585179 https://support.mozilla.org/questions/1585181 https://support.mozilla.org/questions/1585187 https://support.mozilla.org/questions/1585210 https://support.mozilla.org/questions/1585216 https://support.mozilla.org/questions/1585218 https://support.mozilla.org/questions/1585233 https://support.mozilla.org/questions/1585266,"Problém přeposlání emailu s přílohou | do not export the emails | ""Sending Message"" progress box never closes | Reminder snooze options ""x minutes before start"" | Can't send email anymore"
2026-06-01,tb_version_major,151,7,1.0,7.0,above-baseline,1584960 1585002 1585036 1585052 1585069 1585107 1585108,https://support.mozilla.org/questions/1584960 https://support.mozilla.org/questions/1585002 https://support.mozilla.org/questions/1585036 https://support.mozilla.org/questions/1585052 https://support.mozilla.org/questions/1585069 https://support.mozilla.org/questions/1585107 https://support.mozilla.org/questions/1585108,"finding the Menu | Bei der Neueinrichtung auf einem neuen Rechner fehlt mir der | There are TWO folders ""Spam"" instead of one. I can't elimina | get error message ""Unable to log in at server. Probably wron | Outlook export CSV fails to assign fields properly when impo"
2026-05-31,tb_version_major,151,7,0.5,14.0,above-baseline,1584812 1584829 1584863 1584880 1584884 1584910 1584921,https://support.mozilla.org/questions/1584812 https://support.mozilla.org/questions/1584829 https://support.mozilla.org/questions/1584863 https://support.mozilla.org/questions/1584880 https://support.mozilla.org/questions/1584884 https://support.mozilla.org/questions/1584910 https://support.mozilla.org/questions/1584921,My TB Inbox no longer displays the date and time of incoming | threat detected when getting messages from sky email | Thunderbird is opening in edge instead of my default browser | installato da Microsoft Store su Win11 (thunderbird-MSIX - 1 | Help with Thunderbird Intsall on MacBook Air 2017
2026-05-30,tb_version_major,151,6,0.0,new,new/dormant,1584637 1584652 1584678 1584710 1584714 1584737,https://support.mozilla.org/questions/1584637 https://support.mozilla.org/questions/1584652 https://support.mozilla.org/questions/1584678 https://support.mozilla.org/questions/1584710 https://support.mozilla.org/questions/1584714 https://support.mozilla.org/questions/1584737,"having problems setting up my e mails ,I keep re entering my | Word couldn't send mail because of MAPI failure. | ho installato Thunderbird ma quando provo ad aprirla il mio  | Google workspace account will not authorize | How do I sort my Inbox, by Sender?"
2026-05-29,tb_version_major,151,13,0.0,new,new/dormant,1584400 1584405 1584425 1584490 1584491 1584492 1584519 1584522 1584535 1584538 1584543 1584561 1584576,https://support.mozilla.org/questions/1584400 https://support.mozilla.org/questions/1584405 https://support.mozilla.org/questions/1584425 https://support.mozilla.org/questions/1584490 https://support.mozilla.org/questions/1584491 https://support.mozilla.org/questions/1584492 https://support.mozilla.org/questions/1584519 https://support.mozilla.org/questions/1584522 https://support.mozilla.org/questions/1584535 https://support.mozilla.org/questions/1584538 https://support.mozilla.org/questions/1584543 https://support.mozilla.org/questions/1584561 https://support.mozilla.org/questions/1584576,Emails in inbox will not drag into sub folders | Can't delete duplicate Spam folder | how can I export the ASCII-armored public key? | Can't set up IMAP account in Thunderbird | tips for better calendar in Thunderbird
2026-05-28,tb_version_major,151,19,0.0,new,new/dormant,1584166 1584178 1584183 1584184 1584191 1584241 1584246 1584254 1584278 1584289 1584306 1584310 1584318 1584329 1584343 1584345 1584356 1584365 1584378,https://support.mozilla.org/questions/1584166 https://support.mozilla.org/questions/1584178 https://support.mozilla.org/questions/1584183 https://support.mozilla.org/questions/1584184 https://support.mozilla.org/questions/1584191 https://support.mozilla.org/questions/1584241 https://support.mozilla.org/questions/1584246 https://support.mozilla.org/questions/1584254 https://support.mozilla.org/questions/1584278 https://support.mozilla.org/questions/1584289 https://support.mozilla.org/questions/1584306 https://support.mozilla.org/questions/1584310 https://support.mozilla.org/questions/1584318 https://support.mozilla.org/questions/1584329 https://support.mozilla.org/questions/1584343 https://support.mozilla.org/questions/1584345 https://support.mozilla.org/questions/1584356 https://support.mozilla.org/questions/1584365 https://support.mozilla.org/questions/1584378,certificate for imap.gmail does not come from a trusted sour | I get a message that says my server certificate has expired  | Thunderbird在双屏上 怎么控制通知弹窗 | Emails are not getting downloaded | have 4 email addresses my X@optusnet.com.au cannot transmit 
2026-05-28,mail_provider,m:gmail,6,2.0,3.0,above-baseline,1584166 1584173 1584289 1584318 1584329 1584378,https://support.mozilla.org/questions/1584166 https://support.mozilla.org/questions/1584173 https://support.mozilla.org/questions/1584289 https://support.mozilla.org/questions/1584318 https://support.mozilla.org/questions/1584329 https://support.mozilla.org/questions/1584378,certificate for imap.gmail does not come from a trusted sour | email account | Thunderbird not showing follow-up email information. | Na overgang naar Windows11 kunnen mailaccounts van 2 hosting | Will I be able to see my email?
2026-05-27,tb_version_major,151,19,0.0,new,new/dormant,1583982 1583987 1584025 1584031 1584040 1584041 1584049 1584051 1584065 1584080 1584086 1584089 1584100 1584115 1584118 1584142 1584145 1584156 1584158,https://support.mozilla.org/questions/1583982 https://support.mozilla.org/questions/1583987 https://support.mozilla.org/questions/1584025 https://support.mozilla.org/questions/1584031 https://support.mozilla.org/questions/1584040 https://support.mozilla.org/questions/1584041 https://support.mozilla.org/questions/1584049 https://support.mozilla.org/questions/1584051 https://support.mozilla.org/questions/1584065 https://support.mozilla.org/questions/1584080 https://support.mozilla.org/questions/1584086 https://support.mozilla.org/questions/1584089 https://support.mozilla.org/questions/1584100 https://support.mozilla.org/questions/1584115 https://support.mozilla.org/questions/1584118 https://support.mozilla.org/questions/1584142 https://support.mozilla.org/questions/1584145 https://support.mozilla.org/questions/1584156 https://support.mozilla.org/questions/1584158,Why is spam from email addesses that are not in my address b | Unable to receive new emails even after deleting old message | Hoe bevestig ik de reminder zonder verwijderen? | Why Thunderbird hide yohoo accounts in Unufied folders? | can't receive messages since I updated this morning
2026-05-26,tb_version_major,151,13,0.0,new,new/dormant,1583799 1583802 1583817 1583826 1583831 1583840 1583882 1583895 1583896 1583933 1583935 1583941 1583944,https://support.mozilla.org/questions/1583799 https://support.mozilla.org/questions/1583802 https://support.mozilla.org/questions/1583817 https://support.mozilla.org/questions/1583826 https://support.mozilla.org/questions/1583831 https://support.mozilla.org/questions/1583840 https://support.mozilla.org/questions/1583882 https://support.mozilla.org/questions/1583895 https://support.mozilla.org/questions/1583896 https://support.mozilla.org/questions/1583933 https://support.mozilla.org/questions/1583935 https://support.mozilla.org/questions/1583941 https://support.mozilla.org/questions/1583944,"Authentication error when migrating Yahoo mail to Thunderbir | thunderbird is doubling my outgoing (sent) email, why? | Calendar Unavailable After Import Attempt | how to send spam straight to the spam folder | Provo a configurare Thunderbird ma il quadro e' oltre lo scr"
2026-05-26,mail_provider,m:yahooemail,5,1.0,5.0,above-baseline,1583799 1583831 1583902 1583916 1583952,https://support.mozilla.org/questions/1583799 https://support.mozilla.org/questions/1583831 https://support.mozilla.org/questions/1583902 https://support.mozilla.org/questions/1583916 https://support.mozilla.org/questions/1583952,"Authentication error when migrating Yahoo mail to Thunderbir | Provo a configurare Thunderbird ma il quadro e' oltre lo scr | I'm not getting new message downloads | Comcast has sent our accounts to yahoo, emal name remains th | How would I start T0Bird and stop Yahoo?"
2026-05-25,tb_version_major,151,9,0.0,new,new/dormant,1583611 1583640 1583683 1583686 1583707 1583716 1583731 1583747 1583779,https://support.mozilla.org/questions/1583611 https://support.mozilla.org/questions/1583640 https://support.mozilla.org/questions/1583683 https://support.mozilla.org/questions/1583686 https://support.mozilla.org/questions/1583707 https://support.mozilla.org/questions/1583716 https://support.mozilla.org/questions/1583731 https://support.mozilla.org/questions/1583747 https://support.mozilla.org/questions/1583779,How to turn on <tab> usage? | Thunderbird has slowed down significantly | Have just been upgraded to Thunderbird Release 151.0 and can | Preventing treading and reloading all my emails | multiple selection is pointless
2026-05-24,tb_version_major,151,9,0.0,new,new/dormant,1583438 1583463 1583477 1583486 1583493 1583531 1583564 1583567 1583610,https://support.mozilla.org/questions/1583438 https://support.mozilla.org/questions/1583463 https://support.mozilla.org/questions/1583477 https://support.mozilla.org/questions/1583486 https://support.mozilla.org/questions/1583493 https://support.mozilla.org/questions/1583531 https://support.mozilla.org/questions/1583564 https://support.mozilla.org/questions/1583567 https://support.mozilla.org/questions/1583610,"Ddelete mail from the server. | Does clearing up disk space from this option delete the emai | What does this mean - ""Sending of the message failed. The me | Thunderbird Login Outlook.com Mailbox Port Clash Bug | geen mail van gmail"
2026-05-23,tb_version_major,151,7,0.0,new,new/dormant,1583256 1583271 1583336 1583381 1583384 1583393 1583395,https://support.mozilla.org/questions/1583256 https://support.mozilla.org/questions/1583271 https://support.mozilla.org/questions/1583336 https://support.mozilla.org/questions/1583381 https://support.mozilla.org/questions/1583384 https://support.mozilla.org/questions/1583393 https://support.mozilla.org/questions/1583395,Clean install of thunderbird but no profile found in usual l | I cannot turn off 'threading' of messages. Ugh. | why are suddenly are all my emails going right to my trash b | Need help to have icon thunderbird on the tasbar. | Desktop Thunderbird no longer downloading from Yahoo email a
2026-05-22,tb_version_major,151,7,0.0,new,new/dormant,1583069 1583070 1583077 1583094 1583184 1583218 1583229,https://support.mozilla.org/questions/1583069 https://support.mozilla.org/questions/1583070 https://support.mozilla.org/questions/1583077 https://support.mozilla.org/questions/1583094 https://support.mozilla.org/questions/1583184 https://support.mozilla.org/questions/1583218 https://support.mozilla.org/questions/1583229,Thunderbird won't download messages from Yahoo webmail | How to save signiture and insert into email | o365 e-mail fiók kezelési probléma | Help! Can't Get Accounts or Emails Into New Thunderbird Inst | having problems configuring Thunderbird for use on videotron
2026-05-21,tb_version_major,151,8,0.0,new,new/dormant,1582899 1582914 1582920 1582948 1583006 1583028 1583030 1583046,https://support.mozilla.org/questions/1582899 https://support.mozilla.org/questions/1582914 https://support.mozilla.org/questions/1582920 https://support.mozilla.org/questions/1582948 https://support.mozilla.org/questions/1583006 https://support.mozilla.org/questions/1583028 https://support.mozilla.org/questions/1583030 https://support.mozilla.org/questions/1583046,"Thunderbird 151 message list in table view now has awful pit | import from old outlook | Posta inviata ma non compare in inviata | Why am I getting google sign in and authentication error whe | How to delete ""Local folders"" and the ""local account"""
2026-05-20,tb_version_major,151,10,0.0,new,new/dormant,1582677 1582681 1582702 1582713 1582728 1582753 1582768 1582799 1582808 1582835,https://support.mozilla.org/questions/1582677 https://support.mozilla.org/questions/1582681 https://support.mozilla.org/questions/1582702 https://support.mozilla.org/questions/1582713 https://support.mozilla.org/questions/1582728 https://support.mozilla.org/questions/1582753 https://support.mozilla.org/questions/1582768 https://support.mozilla.org/questions/1582799 https://support.mozilla.org/questions/1582808 https://support.mozilla.org/questions/1582835,Quick Filter shows only a few results. | Avvio di Thunderbird strano | Outlook Calendar Support for Version 151 | Message list background turned full black after 151.0 update | password problem
2026-05-20,protocol,proto:imap,5,1.0,5.0,above-baseline,1582623 1582664 1582679 1582735 1582768,https://support.mozilla.org/questions/1582623 https://support.mozilla.org/questions/1582664 https://support.mozilla.org/questions/1582679 https://support.mozilla.org/questions/1582735 https://support.mozilla.org/questions/1582768,"Unable to log in at server, Probably wrong configuration, us | Unsubscribe specific folder does not work | IMAP connection times out | Folders not Syncing to Webmail | How do I remove Archives and Templates from the Unified Fold"
2026-05-18,os,os:linux,6,1.5,4.0,above-baseline,1582226 1582287 1582299 1582358 1582372 1582382,https://support.mozilla.org/questions/1582226 https://support.mozilla.org/questions/1582287 https://support.mozilla.org/questions/1582299 https://support.mozilla.org/questions/1582358 https://support.mozilla.org/questions/1582372 https://support.mozilla.org/questions/1582382,TLS Certificate as Authentication for SMTP | Threading | Gekozen tekstkleur in nieuwe mails blijven altijd zwart.... | unable to send or recieve emails from roadrunner | Help setting up first email account (protonmail.com)
2026-05-16,tb_version_major,140,7,2.0,3.5,above-baseline,1581894 1581899 1581906 1581946 1581981 1581986 1582019,https://support.mozilla.org/questions/1581894 https://support.mozilla.org/questions/1581899 https://support.mozilla.org/questions/1581906 https://support.mozilla.org/questions/1581946 https://support.mozilla.org/questions/1581981 https://support.mozilla.org/questions/1581986 https://support.mozilla.org/questions/1582019,Thunderbird stopped sending messages | How to increasereading pane font | browser buttons gone | Does deleting an email account delete the associated emails? | Indexing hangs - any way to fix?
2026-05-15,tb_version_major,140,10,0.5,20.0,above-baseline,1581717 1581727 1581747 1581748 1581762 1581805 1581806 1581815 1581834 1581871,https://support.mozilla.org/questions/1581717 https://support.mozilla.org/questions/1581727 https://support.mozilla.org/questions/1581747 https://support.mozilla.org/questions/1581748 https://support.mozilla.org/questions/1581762 https://support.mozilla.org/questions/1581805 https://support.mozilla.org/questions/1581806 https://support.mozilla.org/questions/1581815 https://support.mozilla.org/questions/1581834 https://support.mozilla.org/questions/1581871,Have transferred my website to Crazy Domains and they need D | Where is my Thunderbird profile file (please read the entire | Frequent errors with account access | sort the subfolders alphabetically? | Non scarico alcuni messaggi da uno dei miei account gmail
2026-05-15,tb_version_major,150,17,3.5,4.86,above-baseline,1581733 1581751 1581763 1581773 1581778 1581785 1581807 1581809 1581817 1581832 1581835 1581844 1581848 1581858 1581869 1581875 1581876,https://support.mozilla.org/questions/1581733 https://support.mozilla.org/questions/1581751 https://support.mozilla.org/questions/1581763 https://support.mozilla.org/questions/1581773 https://support.mozilla.org/questions/1581778 https://support.mozilla.org/questions/1581785 https://support.mozilla.org/questions/1581807 https://support.mozilla.org/questions/1581809 https://support.mozilla.org/questions/1581817 https://support.mozilla.org/questions/1581832 https://support.mozilla.org/questions/1581835 https://support.mozilla.org/questions/1581844 https://support.mozilla.org/questions/1581848 https://support.mozilla.org/questions/1581858 https://support.mozilla.org/questions/1581869 https://support.mozilla.org/questions/1581875 https://support.mozilla.org/questions/1581876,"cannot send emails thunderbird changes dot into dash in the  | cannot set password for outgoing email | SIMPLIFY THUNDERBIRD. IT IS FAR TOO OVERCOMPLEX. | Help please, trying to do Yahoo Mail backup to Mac | Ao tentar inserir uma imagem em uma resposta, a imagem é ins"
2026-05-14,tb_version_major,150,12,0.0,new,new/dormant,1581574 1581589 1581591 1581600 1581607 1581623 1581632 1581643 1581655 1581677 1581688 1581690,https://support.mozilla.org/questions/1581574 https://support.mozilla.org/questions/1581589 https://support.mozilla.org/questions/1581591 https://support.mozilla.org/questions/1581600 https://support.mozilla.org/questions/1581607 https://support.mozilla.org/questions/1581623 https://support.mozilla.org/questions/1581632 https://support.mozilla.org/questions/1581643 https://support.mozilla.org/questions/1581655 https://support.mozilla.org/questions/1581677 https://support.mozilla.org/questions/1581688 https://support.mozilla.org/questions/1581690,почему при открытии сообщения в папке входящие предлагается  | How do I highlight selected text so it stands out? | cannot send emails | 接続エラー | I can't find a Copernic add-on. It used to be there but has 
2026-05-13,tb_version_major,140,6,0.0,new,new/dormant,1581461 1581470 1581481 1581504 1581536 1581543,https://support.mozilla.org/questions/1581461 https://support.mozilla.org/questions/1581470 https://support.mozilla.org/questions/1581481 https://support.mozilla.org/questions/1581504 https://support.mozilla.org/questions/1581536 https://support.mozilla.org/questions/1581543,"Is this ""threading""? | door een verkeerde manipulatie in menu of taakbalk is de ins | Can't access yahoo mail anymore after 4/04/26 | Unable to download emails | Thunderbird won't play sound on new message. (Xubuntu 26.04)"
2026-05-13,tb_version_major,150,15,0.0,new,new/dormant,1581362 1581363 1581365 1581376 1581404 1581406 1581418 1581459 1581472 1581474 1581477 1581486 1581503 1581515 1581524,https://support.mozilla.org/questions/1581362 https://support.mozilla.org/questions/1581363 https://support.mozilla.org/questions/1581365 https://support.mozilla.org/questions/1581376 https://support.mozilla.org/questions/1581404 https://support.mozilla.org/questions/1581406 https://support.mozilla.org/questions/1581418 https://support.mozilla.org/questions/1581459 https://support.mozilla.org/questions/1581472 https://support.mozilla.org/questions/1581474 https://support.mozilla.org/questions/1581477 https://support.mozilla.org/questions/1581486 https://support.mozilla.org/questions/1581503 https://support.mozilla.org/questions/1581515 https://support.mozilla.org/questions/1581524,"""Exchange auth error"" when trying to add Outlook or Gmail ac | Understanding the 'Folder' Menu | Unable to add new account by POP | Authentification Error | Не получается зайти в почту mail.ru, пишет браузер устарел"
2026-05-13,protocol,proto:pop,5,1.0,5.0,above-baseline,1581365 1581376 1581474 1581477 1581481,https://support.mozilla.org/questions/1581365 https://support.mozilla.org/questions/1581376 https://support.mozilla.org/questions/1581474 https://support.mozilla.org/questions/1581477 https://support.mozilla.org/questions/1581481,Unable to add new account by POP | Authentification Error | Can’t send email via AT&T account | Unable to write email to mailbox | Can't access yahoo mail anymore after 4/04/26
2026-05-13,os,os:windows,20,4.5,4.44,above-baseline,1581362 1581363 1581365 1581376 1581404 1581406 1581411 1581418 1581426 1581461 1581470 1581472 1581474 1581477 1581481 1581486 1581504 1581515 1581524 1581539,https://support.mozilla.org/questions/1581362 https://support.mozilla.org/questions/1581363 https://support.mozilla.org/questions/1581365 https://support.mozilla.org/questions/1581376 https://support.mozilla.org/questions/1581404 https://support.mozilla.org/questions/1581406 https://support.mozilla.org/questions/1581411 https://support.mozilla.org/questions/1581418 https://support.mozilla.org/questions/1581426 https://support.mozilla.org/questions/1581461 https://support.mozilla.org/questions/1581470 https://support.mozilla.org/questions/1581472 https://support.mozilla.org/questions/1581474 https://support.mozilla.org/questions/1581477 https://support.mozilla.org/questions/1581481 https://support.mozilla.org/questions/1581486 https://support.mozilla.org/questions/1581504 https://support.mozilla.org/questions/1581515 https://support.mozilla.org/questions/1581524 https://support.mozilla.org/questions/1581539,"""Exchange auth error"" when trying to add Outlook or Gmail ac | Understanding the 'Folder' Menu | Unable to add new account by POP | Authentification Error | Не получается зайти в почту mail.ru, пишет браузер устарел"
2026-05-12,tb_version_major,140,7,0.0,new,new/dormant,1581199 1581222 1581240 1581253 1581265 1581281 1581300,https://support.mozilla.org/questions/1581199 https://support.mozilla.org/questions/1581222 https://support.mozilla.org/questions/1581240 https://support.mozilla.org/questions/1581253 https://support.mozilla.org/questions/1581265 https://support.mozilla.org/questions/1581281 https://support.mozilla.org/questions/1581300,Correct set up for outgoing mail but server will not process | I AM NOT ABLE TO SEND EMAILS | Thunderbird does not fetch all RSS feeds | Unable to determine if mbox files input from Google Take Out | I want Thunderbird to load emails from my gmail account as w
2026-05-12,tb_version_major,150,18,0.0,new,new/dormant,1581184 1581242 1581250 1581251 1581254 1581273 1581275 1581277 1581279 1581289 1581290 1581298 1581303 1581305 1581322 1581351 1581355 1581357,https://support.mozilla.org/questions/1581184 https://support.mozilla.org/questions/1581242 https://support.mozilla.org/questions/1581250 https://support.mozilla.org/questions/1581251 https://support.mozilla.org/questions/1581254 https://support.mozilla.org/questions/1581273 https://support.mozilla.org/questions/1581275 https://support.mozilla.org/questions/1581277 https://support.mozilla.org/questions/1581279 https://support.mozilla.org/questions/1581289 https://support.mozilla.org/questions/1581290 https://support.mozilla.org/questions/1581298 https://support.mozilla.org/questions/1581303 https://support.mozilla.org/questions/1581305 https://support.mozilla.org/questions/1581322 https://support.mozilla.org/questions/1581351 https://support.mozilla.org/questions/1581355 https://support.mozilla.org/questions/1581357,"Problem Creating ""New SubFolder"" and ""New Folder"" | Thunderbird UI glitch - toolbar above message preview disapp | Can't set event reminder date/time | V Mozzila Thunderbird 150.0.2 nefunguje pro Gmail odchozí se | ""Show Timezones"" button logic is reversed if it was already "
2026-05-12,os,os:windows,28,4.0,7.0,above-baseline,1581193 1581199 1581203 1581216 1581222 1581242 1581250 1581251 1581252 1581254 1581265 1581266 1581274 1581275 1581277 1581279 1581281 1581286 1581289 1581290 1581298 1581300 1581305 1581322 1581351 1581353 1581355 1581357,https://support.mozilla.org/questions/1581193 https://support.mozilla.org/questions/1581199 https://support.mozilla.org/questions/1581203 https://support.mozilla.org/questions/1581216 https://support.mozilla.org/questions/1581222 https://support.mozilla.org/questions/1581242 https://support.mozilla.org/questions/1581250 https://support.mozilla.org/questions/1581251 https://support.mozilla.org/questions/1581252 https://support.mozilla.org/questions/1581254 https://support.mozilla.org/questions/1581265 https://support.mozilla.org/questions/1581266 https://support.mozilla.org/questions/1581274 https://support.mozilla.org/questions/1581275 https://support.mozilla.org/questions/1581277 https://support.mozilla.org/questions/1581279 https://support.mozilla.org/questions/1581281 https://support.mozilla.org/questions/1581286 https://support.mozilla.org/questions/1581289 https://support.mozilla.org/questions/1581290 https://support.mozilla.org/questions/1581298 https://support.mozilla.org/questions/1581300 https://support.mozilla.org/questions/1581305 https://support.mozilla.org/questions/1581322 https://support.mozilla.org/questions/1581351 https://support.mozilla.org/questions/1581353 https://support.mozilla.org/questions/1581355 https://support.mozilla.org/questions/1581357,Mozilla Thunderbird | Correct set up for outgoing mail but server will not process | Migrating to Thunderbird from WLM on a Win 7 machine. Will e | Move Firefox PEOPLE folder email list back to the NEW EMAIL  | I AM NOT ABLE TO SEND EMAILS
2026-05-12,protocol,proto:imap,5,1.0,5.0,above-baseline,1581184 1581273 1581275 1581279 1581355,https://support.mozilla.org/questions/1581184 https://support.mozilla.org/questions/1581273 https://support.mozilla.org/questions/1581275 https://support.mozilla.org/questions/1581279 https://support.mozilla.org/questions/1581355,"Problem Creating ""New SubFolder"" and ""New Folder"" | Unable to add personal Hotmail/Outlook.com 🥹 _ Any help is a | Deleted mails are not removed from Gmail All Mails folder ev | Sending of the message failed. The message could not be sent | Migrating from Outlook Classic to IMAP Server, but unable to"
2026-05-11,tb_version_major,140,9,0.0,new,new/dormant,1581063 1581087 1581130 1581135 1581144 1581147 1581154 1581160 1581178,https://support.mozilla.org/questions/1581063 https://support.mozilla.org/questions/1581087 https://support.mozilla.org/questions/1581130 https://support.mozilla.org/questions/1581135 https://support.mozilla.org/questions/1581144 https://support.mozilla.org/questions/1581147 https://support.mozilla.org/questions/1581154 https://support.mozilla.org/questions/1581160 https://support.mozilla.org/questions/1581178,Update could not be installed ( patch apply failed) | password not recognised | Emails on computer show date and time as the date and time I | Forward an email using filters | Signature does not appear on reply emails. Have to open sett
2026-05-11,tb_version_major,150,9,0.0,new,new/dormant,1581057 1581089 1581092 1581096 1581104 1581107 1581141 1581146 1581175,https://support.mozilla.org/questions/1581057 https://support.mozilla.org/questions/1581089 https://support.mozilla.org/questions/1581092 https://support.mozilla.org/questions/1581096 https://support.mozilla.org/questions/1581104 https://support.mozilla.org/questions/1581107 https://support.mozilla.org/questions/1581141 https://support.mozilla.org/questions/1581146 https://support.mozilla.org/questions/1581175,Thunderbird.Only Shows. Der E-Mails of the Past to Three Wee | Cannot send e-mail after reinstalling Thunderbird | PROBLEMA COM ENVIO DE E-MAILS | Mail filters for custom headers do not work on the Yahoo! IM | I need to get my e-mail filters from my old machine
2026-05-11,os,os:windows,19,4.0,4.75,above-baseline,1581022 1581038 1581063 1581089 1581092 1581096 1581099 1581100 1581104 1581115 1581130 1581135 1581138 1581141 1581146 1581147 1581175 1581178 1581180,https://support.mozilla.org/questions/1581022 https://support.mozilla.org/questions/1581038 https://support.mozilla.org/questions/1581063 https://support.mozilla.org/questions/1581089 https://support.mozilla.org/questions/1581092 https://support.mozilla.org/questions/1581096 https://support.mozilla.org/questions/1581099 https://support.mozilla.org/questions/1581100 https://support.mozilla.org/questions/1581104 https://support.mozilla.org/questions/1581115 https://support.mozilla.org/questions/1581130 https://support.mozilla.org/questions/1581135 https://support.mozilla.org/questions/1581138 https://support.mozilla.org/questions/1581141 https://support.mozilla.org/questions/1581146 https://support.mozilla.org/questions/1581147 https://support.mozilla.org/questions/1581175 https://support.mozilla.org/questions/1581178 https://support.mozilla.org/questions/1581180,"Dear invaluable Mozilla Community, I am about to download al | Thunderbird misspells email with Auto-complete | Update could not be installed ( patch apply failed) | Cannot send e-mail after reinstalling Thunderbird | PROBLEMA COM ENVIO DE E-MAILS"
2026-05-10,tb_version_major,150,11,0.0,new,new/dormant,1580909 1580925 1580954 1580957 1580960 1580968 1580980 1580985 1580995 1580997 1581013,https://support.mozilla.org/questions/1580909 https://support.mozilla.org/questions/1580925 https://support.mozilla.org/questions/1580954 https://support.mozilla.org/questions/1580957 https://support.mozilla.org/questions/1580960 https://support.mozilla.org/questions/1580968 https://support.mozilla.org/questions/1580980 https://support.mozilla.org/questions/1580985 https://support.mozilla.org/questions/1580995 https://support.mozilla.org/questions/1580997 https://support.mozilla.org/questions/1581013,lost my email acount rang and the the man asked for $500 or  | Mozilla Account | adding an email | lost all email accounts and address book | Cannot add 123 Hosting to Thunderbird
2026-05-10,os,os:windows,18,3.5,5.14,above-baseline,1580895 1580909 1580925 1580936 1580945 1580954 1580957 1580960 1580965 1580968 1580980 1580985 1580988 1580990 1580995 1580997 1581001 1581013,https://support.mozilla.org/questions/1580895 https://support.mozilla.org/questions/1580909 https://support.mozilla.org/questions/1580925 https://support.mozilla.org/questions/1580936 https://support.mozilla.org/questions/1580945 https://support.mozilla.org/questions/1580954 https://support.mozilla.org/questions/1580957 https://support.mozilla.org/questions/1580960 https://support.mozilla.org/questions/1580965 https://support.mozilla.org/questions/1580968 https://support.mozilla.org/questions/1580980 https://support.mozilla.org/questions/1580985 https://support.mozilla.org/questions/1580988 https://support.mozilla.org/questions/1580990 https://support.mozilla.org/questions/1580995 https://support.mozilla.org/questions/1580997 https://support.mozilla.org/questions/1581001 https://support.mozilla.org/questions/1581013,"When typing on a document or letter, Thunderbird frequently  | lost my email acount rang and the the man asked for $500 or  | Mozilla Account | ‘How to move People All contacts list back to email Send To  | I have 7 email addresses, all with aol - 2 addresses appear "
2026-05-09,isp,isp:spectrum,5,0.0,new,new/dormant,1580858 1580863 1580867 1580871 1580877,https://support.mozilla.org/questions/1580858 https://support.mozilla.org/questions/1580863 https://support.mozilla.org/questions/1580867 https://support.mozilla.org/questions/1580871 https://support.mozilla.org/questions/1580877,"""Thunderbird can't connect to the server"" | Connection was refused | Lost Thunderbird connectivity on Spectrum today 5/9/26 | New update Version 140.10.2esr | Released May 8, 2026.  Toda | Cannot send or receive email in thunderbird"
2026-05-09,tb_version_major,140,6,0.0,new,new/dormant,1580726 1580733 1580778 1580829 1580858 1580884,https://support.mozilla.org/questions/1580726 https://support.mozilla.org/questions/1580733 https://support.mozilla.org/questions/1580778 https://support.mozilla.org/questions/1580829 https://support.mozilla.org/questions/1580858 https://support.mozilla.org/questions/1580884,"How can I import chat history for XMPP? | How do I correct a wrong entry in my Thunderbird spelling di | Non riesco a mettere in ordine alfabetico le sottocartelle d | how do print a 1 page email on 1 piece of paper? | ""Thunderbird can't connect to the server"""
2026-05-09,tb_version_major,150,13,0.0,new,new/dormant,1580732 1580735 1580777 1580802 1580811 1580823 1580826 1580856 1580861 1580863 1580864 1580869 1580874,https://support.mozilla.org/questions/1580732 https://support.mozilla.org/questions/1580735 https://support.mozilla.org/questions/1580777 https://support.mozilla.org/questions/1580802 https://support.mozilla.org/questions/1580811 https://support.mozilla.org/questions/1580823 https://support.mozilla.org/questions/1580826 https://support.mozilla.org/questions/1580856 https://support.mozilla.org/questions/1580861 https://support.mozilla.org/questions/1580863 https://support.mozilla.org/questions/1580864 https://support.mozilla.org/questions/1580869 https://support.mozilla.org/questions/1580874,"im unable to set up my thunderbird, my password is correct | I can't log in to Thunderbird. | Thunderbird don't work properly with Add-On ""German Dictiona | Having trouble removing Thunderbird (desktop) need product c | Ich kann seit mehreren Tagen keine Emails mehr empfangen und"
2026-05-09,os,os:windows,24,3.5,6.86,above-baseline,1580732 1580733 1580735 1580744 1580778 1580802 1580811 1580817 1580822 1580823 1580826 1580829 1580842 1580856 1580858 1580861 1580862 1580863 1580864 1580867 1580869 1580871 1580877 1580884,https://support.mozilla.org/questions/1580732 https://support.mozilla.org/questions/1580733 https://support.mozilla.org/questions/1580735 https://support.mozilla.org/questions/1580744 https://support.mozilla.org/questions/1580778 https://support.mozilla.org/questions/1580802 https://support.mozilla.org/questions/1580811 https://support.mozilla.org/questions/1580817 https://support.mozilla.org/questions/1580822 https://support.mozilla.org/questions/1580823 https://support.mozilla.org/questions/1580826 https://support.mozilla.org/questions/1580829 https://support.mozilla.org/questions/1580842 https://support.mozilla.org/questions/1580856 https://support.mozilla.org/questions/1580858 https://support.mozilla.org/questions/1580861 https://support.mozilla.org/questions/1580862 https://support.mozilla.org/questions/1580863 https://support.mozilla.org/questions/1580864 https://support.mozilla.org/questions/1580867 https://support.mozilla.org/questions/1580869 https://support.mozilla.org/questions/1580871 https://support.mozilla.org/questions/1580877 https://support.mozilla.org/questions/1580884,"im unable to set up my thunderbird, my password is correct | How do I correct a wrong entry in my Thunderbird spelling di | I can't log in to Thunderbird. | my address book did not load with new Thunderbird download a | Non riesco a mettere in ordine alfabetico le sottocartelle d"
2026-05-09,mail_provider,m:microsoftemail,6,2.0,3.0,above-baseline,1580858 1580862 1580863 1580867 1580871 1580877,https://support.mozilla.org/questions/1580858 https://support.mozilla.org/questions/1580862 https://support.mozilla.org/questions/1580863 https://support.mozilla.org/questions/1580867 https://support.mozilla.org/questions/1580871 https://support.mozilla.org/questions/1580877,"""Thunderbird can't connect to the server"" | Two distinct IMAP profiles are downloading from one acount ( | Connection was refused | Lost Thunderbird connectivity on Spectrum today 5/9/26 | New update Version 140.10.2esr | Released May 8, 2026.  Toda"
2026-05-08,tb_version_major,140,8,0.0,new,new/dormant,1580558 1580568 1580622 1580640 1580643 1580665 1580683 1580692,https://support.mozilla.org/questions/1580558 https://support.mozilla.org/questions/1580568 https://support.mozilla.org/questions/1580622 https://support.mozilla.org/questions/1580640 https://support.mozilla.org/questions/1580643 https://support.mozilla.org/questions/1580665 https://support.mozilla.org/questions/1580683 https://support.mozilla.org/questions/1580692,"moved to a different disk drive | got an update for thunderbird now have a different program r | Scheduled checking of emails for some accounts only on certa | Wie kann ich vermeiden, dass Thunderbird bei jedem Start ern | ich habe schon immerThunderbird gehabt ,ich wil der neueste "
2026-05-08,tb_version_major,150,14,0.0,new,new/dormant,1580556 1580570 1580588 1580595 1580613 1580641 1580666 1580684 1580696 1580698 1580704 1580709 1580714 1580716,https://support.mozilla.org/questions/1580556 https://support.mozilla.org/questions/1580570 https://support.mozilla.org/questions/1580588 https://support.mozilla.org/questions/1580595 https://support.mozilla.org/questions/1580613 https://support.mozilla.org/questions/1580641 https://support.mozilla.org/questions/1580666 https://support.mozilla.org/questions/1580684 https://support.mozilla.org/questions/1580696 https://support.mozilla.org/questions/1580698 https://support.mozilla.org/questions/1580704 https://support.mozilla.org/questions/1580709 https://support.mozilla.org/questions/1580714 https://support.mozilla.org/questions/1580716,"Turn off red email count on the taskbar icon | Which installed fonts will Thunderbird actually use? | Using TB, I get a message saying ""no messages to download"" y | Fehlermeldung bei der Authentifizierung | не отправляются письма gmail.com"
2026-05-08,os,os:windows,28,3.5,8.0,above-baseline,1580556 1580558 1580570 1580585 1580588 1580595 1580601 1580613 1580627 1580628 1580640 1580641 1580643 1580645 1580656 1580665 1580666 1580683 1580684 1580692 1580696 1580698 1580701 1580704 1580707 1580709 1580714 1580716,https://support.mozilla.org/questions/1580556 https://support.mozilla.org/questions/1580558 https://support.mozilla.org/questions/1580570 https://support.mozilla.org/questions/1580585 https://support.mozilla.org/questions/1580588 https://support.mozilla.org/questions/1580595 https://support.mozilla.org/questions/1580601 https://support.mozilla.org/questions/1580613 https://support.mozilla.org/questions/1580627 https://support.mozilla.org/questions/1580628 https://support.mozilla.org/questions/1580640 https://support.mozilla.org/questions/1580641 https://support.mozilla.org/questions/1580643 https://support.mozilla.org/questions/1580645 https://support.mozilla.org/questions/1580656 https://support.mozilla.org/questions/1580665 https://support.mozilla.org/questions/1580666 https://support.mozilla.org/questions/1580683 https://support.mozilla.org/questions/1580684 https://support.mozilla.org/questions/1580692 https://support.mozilla.org/questions/1580696 https://support.mozilla.org/questions/1580698 https://support.mozilla.org/questions/1580701 https://support.mozilla.org/questions/1580704 https://support.mozilla.org/questions/1580707 https://support.mozilla.org/questions/1580709 https://support.mozilla.org/questions/1580714 https://support.mozilla.org/questions/1580716,"Turn off red email count on the taskbar icon | moved to a different disk drive | Which installed fonts will Thunderbird actually use? | ho dimenticato la mia password principale | Using TB, I get a message saying ""no messages to download"" y"
2026-05-07,tb_version_major,140,8,0.0,new,new/dormant,1580385 1580409 1580416 1580436 1580497 1580512 1580537 1580551,https://support.mozilla.org/questions/1580385 https://support.mozilla.org/questions/1580409 https://support.mozilla.org/questions/1580416 https://support.mozilla.org/questions/1580436 https://support.mozilla.org/questions/1580497 https://support.mozilla.org/questions/1580512 https://support.mozilla.org/questions/1580537 https://support.mozilla.org/questions/1580551,My sent e-mails are going in to sent box of a different e-ma | Repeated Google Auth requests | Lightning calendar converts single RDATE to multiple and doe | Hoe gehele Yahoo webmail Postvak IN in Mozilla Thunderbird d | 140.10.1esr on Windows 11 Has Major Issues with Interface
2026-05-07,tb_version_major,150,13,0.0,new,new/dormant,1580386 1580403 1580419 1580422 1580432 1580452 1580453 1580456 1580460 1580478 1580494 1580514 1580525,https://support.mozilla.org/questions/1580386 https://support.mozilla.org/questions/1580403 https://support.mozilla.org/questions/1580419 https://support.mozilla.org/questions/1580422 https://support.mozilla.org/questions/1580432 https://support.mozilla.org/questions/1580452 https://support.mozilla.org/questions/1580453 https://support.mozilla.org/questions/1580456 https://support.mozilla.org/questions/1580460 https://support.mozilla.org/questions/1580478 https://support.mozilla.org/questions/1580494 https://support.mozilla.org/questions/1580514 https://support.mozilla.org/questions/1580525,送受信メールが消えた - Sent and received emails have disappeared | Attached emails in eml format sent from Yandex Mail are not  | Compose email or reply email with funny character | Fehler beim herunterladen von PDF Dateien | Invio Pec in stato di avanzamento
2026-05-07,os,os:windows,22,3.0,7.33,above-baseline,1580385 1580386 1580403 1580409 1580411 1580419 1580422 1580423 1580428 1580432 1580436 1580444 1580452 1580453 1580460 1580478 1580494 1580497 1580512 1580525 1580537 1580539,https://support.mozilla.org/questions/1580385 https://support.mozilla.org/questions/1580386 https://support.mozilla.org/questions/1580403 https://support.mozilla.org/questions/1580409 https://support.mozilla.org/questions/1580411 https://support.mozilla.org/questions/1580419 https://support.mozilla.org/questions/1580422 https://support.mozilla.org/questions/1580423 https://support.mozilla.org/questions/1580428 https://support.mozilla.org/questions/1580432 https://support.mozilla.org/questions/1580436 https://support.mozilla.org/questions/1580444 https://support.mozilla.org/questions/1580452 https://support.mozilla.org/questions/1580453 https://support.mozilla.org/questions/1580460 https://support.mozilla.org/questions/1580478 https://support.mozilla.org/questions/1580494 https://support.mozilla.org/questions/1580497 https://support.mozilla.org/questions/1580512 https://support.mozilla.org/questions/1580525 https://support.mozilla.org/questions/1580537 https://support.mozilla.org/questions/1580539,My sent e-mails are going in to sent box of a different e-ma | 送受信メールが消えた - Sent and received emails have disappeared | Attached emails in eml format sent from Yandex Mail are not  | Repeated Google Auth requests | apertura account non riuscito
2026-05-06,tb_version_major,140,6,0.0,new,new/dormant,1580235 1580277 1580301 1580355 1580363 1580374,https://support.mozilla.org/questions/1580235 https://support.mozilla.org/questions/1580277 https://support.mozilla.org/questions/1580301 https://support.mozilla.org/questions/1580355 https://support.mozilla.org/questions/1580363 https://support.mozilla.org/questions/1580374,"I have 2 accounts: a reply on a mail from account A comes in | Calendar sync error: ""status.Settings.138"" | Mailboxes Catastrophically Deleted If Thunderbird Opened In  | Thunderbird will no longer save copies of send emails if the | income messages take a long time, pop up in folder for a gli"
2026-05-06,tb_version_major,150,21,0.0,new,new/dormant,1580203 1580207 1580225 1580247 1580249 1580258 1580263 1580280 1580282 1580285 1580299 1580306 1580317 1580322 1580325 1580326 1580352 1580361 1580362 1580366 1580369,https://support.mozilla.org/questions/1580203 https://support.mozilla.org/questions/1580207 https://support.mozilla.org/questions/1580225 https://support.mozilla.org/questions/1580247 https://support.mozilla.org/questions/1580249 https://support.mozilla.org/questions/1580258 https://support.mozilla.org/questions/1580263 https://support.mozilla.org/questions/1580280 https://support.mozilla.org/questions/1580282 https://support.mozilla.org/questions/1580285 https://support.mozilla.org/questions/1580299 https://support.mozilla.org/questions/1580306 https://support.mozilla.org/questions/1580317 https://support.mozilla.org/questions/1580322 https://support.mozilla.org/questions/1580325 https://support.mozilla.org/questions/1580326 https://support.mozilla.org/questions/1580352 https://support.mozilla.org/questions/1580361 https://support.mozilla.org/questions/1580362 https://support.mozilla.org/questions/1580366 https://support.mozilla.org/questions/1580369,"Cannot transfer profile/emails from one computer to another | Customización de la bandeja de entrada | errore in Invio Posta | New Security Codes for vodafonemail.de, TLS Code not in Thun | Why have all my folders disappeared apart from my inbox?"
2026-05-06,protocol,proto:smtp,6,0.5,12.0,above-baseline,1580225 1580247 1580282 1580326 1580352 1580362,https://support.mozilla.org/questions/1580225 https://support.mozilla.org/questions/1580247 https://support.mozilla.org/questions/1580282 https://support.mozilla.org/questions/1580326 https://support.mozilla.org/questions/1580352 https://support.mozilla.org/questions/1580362,"errore in Invio Posta | New Security Codes for vodafonemail.de, TLS Code not in Thun | messaggio di errore | I installed thunderbird 150 and get always an authentication | i can receive emails but cannot sent, password problem"
2026-05-06,os,os:windows,33,3.0,11.0,above-baseline,1580207 1580225 1580235 1580247 1580256 1580258 1580262 1580263 1580274 1580277 1580280 1580282 1580285 1580293 1580299 1580301 1580306 1580308 1580317 1580322 1580325 1580326 1580352 1580355 1580361 1580362 1580363 1580364 1580365 1580366 1580369 1580374 1580383,https://support.mozilla.org/questions/1580207 https://support.mozilla.org/questions/1580225 https://support.mozilla.org/questions/1580235 https://support.mozilla.org/questions/1580247 https://support.mozilla.org/questions/1580256 https://support.mozilla.org/questions/1580258 https://support.mozilla.org/questions/1580262 https://support.mozilla.org/questions/1580263 https://support.mozilla.org/questions/1580274 https://support.mozilla.org/questions/1580277 https://support.mozilla.org/questions/1580280 https://support.mozilla.org/questions/1580282 https://support.mozilla.org/questions/1580285 https://support.mozilla.org/questions/1580293 https://support.mozilla.org/questions/1580299 https://support.mozilla.org/questions/1580301 https://support.mozilla.org/questions/1580306 https://support.mozilla.org/questions/1580308 https://support.mozilla.org/questions/1580317 https://support.mozilla.org/questions/1580322 https://support.mozilla.org/questions/1580325 https://support.mozilla.org/questions/1580326 https://support.mozilla.org/questions/1580352 https://support.mozilla.org/questions/1580355 https://support.mozilla.org/questions/1580361 https://support.mozilla.org/questions/1580362 https://support.mozilla.org/questions/1580363 https://support.mozilla.org/questions/1580364 https://support.mozilla.org/questions/1580365 https://support.mozilla.org/questions/1580366 https://support.mozilla.org/questions/1580369 https://support.mozilla.org/questions/1580374 https://support.mozilla.org/questions/1580383,"Customización de la bandeja de entrada | errore in Invio Posta | I have 2 accounts: a reply on a mail from account A comes in | New Security Codes for vodafonemail.de, TLS Code not in Thun | i need thunderbird account setting please help me i hope"
2026-05-05,tb_version_major,140,6,0.0,new,new/dormant,1580021 1580052 1580062 1580088 1580156 1580158,https://support.mozilla.org/questions/1580021 https://support.mozilla.org/questions/1580052 https://support.mozilla.org/questions/1580062 https://support.mozilla.org/questions/1580088 https://support.mozilla.org/questions/1580156 https://support.mozilla.org/questions/1580158,The carddav address book is not syncing. | I am trying to add my outlook.com e-mail to Thunderbird. | Wehere is the settings to not select the next email and mark | TB tries to send email from the wrong server  and the wrong  | Is there a way to assign tabs in the tool bar to specific in
2026-05-05,tb_version_major,150,18,0.0,new,new/dormant,1579996 1580004 1580007 1580014 1580036 1580037 1580061 1580072 1580084 1580085 1580119 1580121 1580135 1580139 1580162 1580176 1580181 1580187,https://support.mozilla.org/questions/1579996 https://support.mozilla.org/questions/1580004 https://support.mozilla.org/questions/1580007 https://support.mozilla.org/questions/1580014 https://support.mozilla.org/questions/1580036 https://support.mozilla.org/questions/1580037 https://support.mozilla.org/questions/1580061 https://support.mozilla.org/questions/1580072 https://support.mozilla.org/questions/1580084 https://support.mozilla.org/questions/1580085 https://support.mozilla.org/questions/1580119 https://support.mozilla.org/questions/1580121 https://support.mozilla.org/questions/1580135 https://support.mozilla.org/questions/1580139 https://support.mozilla.org/questions/1580162 https://support.mozilla.org/questions/1580176 https://support.mozilla.org/questions/1580181 https://support.mozilla.org/questions/1580187,Import more outlook accounts into the local folder in thunde | Add New Folder | Change pop 3 to IMAP | Import does not work | Thunderbird for Android security
2026-05-05,os,os:windows,26,3.0,8.67,above-baseline,1579996 1580007 1580014 1580021 1580037 1580052 1580061 1580062 1580072 1580081 1580084 1580085 1580088 1580102 1580103 1580106 1580119 1580121 1580135 1580138 1580139 1580158 1580162 1580165 1580176 1580187,https://support.mozilla.org/questions/1579996 https://support.mozilla.org/questions/1580007 https://support.mozilla.org/questions/1580014 https://support.mozilla.org/questions/1580021 https://support.mozilla.org/questions/1580037 https://support.mozilla.org/questions/1580052 https://support.mozilla.org/questions/1580061 https://support.mozilla.org/questions/1580062 https://support.mozilla.org/questions/1580072 https://support.mozilla.org/questions/1580081 https://support.mozilla.org/questions/1580084 https://support.mozilla.org/questions/1580085 https://support.mozilla.org/questions/1580088 https://support.mozilla.org/questions/1580102 https://support.mozilla.org/questions/1580103 https://support.mozilla.org/questions/1580106 https://support.mozilla.org/questions/1580119 https://support.mozilla.org/questions/1580121 https://support.mozilla.org/questions/1580135 https://support.mozilla.org/questions/1580138 https://support.mozilla.org/questions/1580139 https://support.mozilla.org/questions/1580158 https://support.mozilla.org/questions/1580162 https://support.mozilla.org/questions/1580165 https://support.mozilla.org/questions/1580176 https://support.mozilla.org/questions/1580187,Import more outlook accounts into the local folder in thunde | Change pop 3 to IMAP | Import does not work | The carddav address book is not syncing. | Moving emails to recent folders now has less options
2026-05-05,protocol,proto:imap,6,1.0,6.0,above-baseline,1579996 1580004 1580007 1580081 1580121 1580187,https://support.mozilla.org/questions/1579996 https://support.mozilla.org/questions/1580004 https://support.mozilla.org/questions/1580007 https://support.mozilla.org/questions/1580081 https://support.mozilla.org/questions/1580121 https://support.mozilla.org/questions/1580187,"Import more outlook accounts into the local folder in thunde | Add New Folder | Change pop 3 to IMAP | why and I getting the message ""the certificate for imap.gmai | Stop downloading archived gmails to thunderbird POP"
2026-05-05,mail_provider,m:gmail,7,2.0,3.5,above-baseline,1580036 1580072 1580081 1580088 1580121 1580156 1580187,https://support.mozilla.org/questions/1580036 https://support.mozilla.org/questions/1580072 https://support.mozilla.org/questions/1580081 https://support.mozilla.org/questions/1580088 https://support.mozilla.org/questions/1580121 https://support.mozilla.org/questions/1580156 https://support.mozilla.org/questions/1580187,"Thunderbird for Android security | in den Ordnern veschwinden die mails | why and I getting the message ""the certificate for imap.gmai | TB tries to send email from the wrong server  and the wrong  | Stop downloading archived gmails to thunderbird POP"
2026-05-04,tb_version_major,150,7,0.0,new,new/dormant,1579844 1579880 1579927 1579929 1579943 1579957 1579969,https://support.mozilla.org/questions/1579844 https://support.mozilla.org/questions/1579880 https://support.mozilla.org/questions/1579927 https://support.mozilla.org/questions/1579929 https://support.mozilla.org/questions/1579943 https://support.mozilla.org/questions/1579957 https://support.mozilla.org/questions/1579969,Why can't I forward links from Youtube | my gmail emails are bounced or go into spam for all bt (btop | How to stop Thunderbird printing my emails | I've got Thunderbird 150 on a new laptop. I really miss the  | Ik probeer mijn zakelijke e-mail op mijn nieuwe laptop te in
2026-05-04,os,os:windows,17,3.0,5.67,above-baseline,1579844 1579858 1579862 1579880 1579885 1579887 1579901 1579917 1579923 1579925 1579927 1579929 1579943 1579947 1579957 1579969 1579985,https://support.mozilla.org/questions/1579844 https://support.mozilla.org/questions/1579858 https://support.mozilla.org/questions/1579862 https://support.mozilla.org/questions/1579880 https://support.mozilla.org/questions/1579885 https://support.mozilla.org/questions/1579887 https://support.mozilla.org/questions/1579901 https://support.mozilla.org/questions/1579917 https://support.mozilla.org/questions/1579923 https://support.mozilla.org/questions/1579925 https://support.mozilla.org/questions/1579927 https://support.mozilla.org/questions/1579929 https://support.mozilla.org/questions/1579943 https://support.mozilla.org/questions/1579947 https://support.mozilla.org/questions/1579957 https://support.mozilla.org/questions/1579969 https://support.mozilla.org/questions/1579985,Why can't I forward links from Youtube | Problemi con visualizzazione messaggi HTML | Emails set to wromg time zone | my gmail emails are bounced or go into spam for all bt (btop | Felkod XPCOM
2026-05-03,tb_version_major,150,9,0.0,new,new/dormant,1579676 1579699 1579737 1579753 1579758 1579761 1579775 1579790 1579822,https://support.mozilla.org/questions/1579676 https://support.mozilla.org/questions/1579699 https://support.mozilla.org/questions/1579737 https://support.mozilla.org/questions/1579753 https://support.mozilla.org/questions/1579758 https://support.mozilla.org/questions/1579761 https://support.mozilla.org/questions/1579775 https://support.mozilla.org/questions/1579790 https://support.mozilla.org/questions/1579822,"I see others in their email, have a standard ending with the | I am attempting to add an email from ""roadrunner.com"" into t | holiday response | Non riesco ad aggiungere l'account di gmail.com mi appare er | How can I stop the synchronisation of the source email to Th"
2026-05-03,os,os:windows,14,2.5,5.6,above-baseline,1579676 1579690 1579699 1579737 1579750 1579753 1579758 1579761 1579775 1579779 1579784 1579790 1579812 1579822,https://support.mozilla.org/questions/1579676 https://support.mozilla.org/questions/1579690 https://support.mozilla.org/questions/1579699 https://support.mozilla.org/questions/1579737 https://support.mozilla.org/questions/1579750 https://support.mozilla.org/questions/1579753 https://support.mozilla.org/questions/1579758 https://support.mozilla.org/questions/1579761 https://support.mozilla.org/questions/1579775 https://support.mozilla.org/questions/1579779 https://support.mozilla.org/questions/1579784 https://support.mozilla.org/questions/1579790 https://support.mozilla.org/questions/1579812 https://support.mozilla.org/questions/1579822,"I see others in their email, have a standard ending with the | Problems adding new hotmail accounts. | I am attempting to add an email from ""roadrunner.com"" into t | holiday response | stop getting the pay screen"
2026-05-02,tb_version_major,140,5,0.0,new,new/dormant,1579563 1579573 1579600 1579613 1579654,https://support.mozilla.org/questions/1579563 https://support.mozilla.org/questions/1579573 https://support.mozilla.org/questions/1579600 https://support.mozilla.org/questions/1579613 https://support.mozilla.org/questions/1579654,I can't click the green lock icon in the URL bar of the web  | Why is login credentials suddenly asked for? | Thunderbird not reading links after update | Thunderbird keeps asking for a password that has been saved  | calendar import sets up but doesn't initiate
2026-05-02,tb_version_major,150,7,0.0,new,new/dormant,1579546 1579552 1579556 1579578 1579583 1579619 1579664,https://support.mozilla.org/questions/1579546 https://support.mozilla.org/questions/1579552 https://support.mozilla.org/questions/1579556 https://support.mozilla.org/questions/1579578 https://support.mozilla.org/questions/1579583 https://support.mozilla.org/questions/1579619 https://support.mozilla.org/questions/1579664,I'm having trouble setting up a new email in Thunderbird | email address are not showing up in new email when you type  | zoom meeting add-on not working | With 150.0 when I go Help/About it comes up with restart to  | Spam Filter Issue
2026-05-02,os,os:windows,11,2.0,5.5,above-baseline,1579546 1579552 1579556 1579563 1579578 1579583 1579613 1579619 1579627 1579634 1579664,https://support.mozilla.org/questions/1579546 https://support.mozilla.org/questions/1579552 https://support.mozilla.org/questions/1579556 https://support.mozilla.org/questions/1579563 https://support.mozilla.org/questions/1579578 https://support.mozilla.org/questions/1579583 https://support.mozilla.org/questions/1579613 https://support.mozilla.org/questions/1579619 https://support.mozilla.org/questions/1579627 https://support.mozilla.org/questions/1579634 https://support.mozilla.org/questions/1579664,I'm having trouble setting up a new email in Thunderbird | email address are not showing up in new email when you type  | zoom meeting add-on not working | I can't click the green lock icon in the URL bar of the web  | With 150.0 when I go Help/About it comes up with restart to 
2026-05-01,tb_version_major,140,7,0.0,new,new/dormant,1579412 1579425 1579438 1579464 1579467 1579483 1579522,https://support.mozilla.org/questions/1579412 https://support.mozilla.org/questions/1579425 https://support.mozilla.org/questions/1579438 https://support.mozilla.org/questions/1579464 https://support.mozilla.org/questions/1579467 https://support.mozilla.org/questions/1579483 https://support.mozilla.org/questions/1579522,Thunderbird not receiving new emails | cant  resize T'bird window | New email account set up fails | Erro ao tentar adicionar contas no Thunderbird | In searchresults i get a wrong to adress
2026-05-01,tb_version_major,150,8,0.0,new,new/dormant,1579394 1579419 1579422 1579461 1579471 1579503 1579519 1579540,https://support.mozilla.org/questions/1579394 https://support.mozilla.org/questions/1579419 https://support.mozilla.org/questions/1579422 https://support.mozilla.org/questions/1579461 https://support.mozilla.org/questions/1579471 https://support.mozilla.org/questions/1579503 https://support.mozilla.org/questions/1579519 https://support.mozilla.org/questions/1579540,"Thunderbird has suddenly gone insane -- ""From"" information w | Is it possible to have the calendar run as a separate app? | SÜTUN UZUNLUKLARI | Why does one account have a different color in the left pane | How to solve the problem with the constant message ""No new m"
2026-05-01,os,os:windows,15,2.0,7.5,above-baseline,1579394 1579404 1579412 1579419 1579422 1579438 1579444 1579447 1579471 1579483 1579503 1579519 1579522 1579532 1579540,https://support.mozilla.org/questions/1579394 https://support.mozilla.org/questions/1579404 https://support.mozilla.org/questions/1579412 https://support.mozilla.org/questions/1579419 https://support.mozilla.org/questions/1579422 https://support.mozilla.org/questions/1579438 https://support.mozilla.org/questions/1579444 https://support.mozilla.org/questions/1579447 https://support.mozilla.org/questions/1579471 https://support.mozilla.org/questions/1579483 https://support.mozilla.org/questions/1579503 https://support.mozilla.org/questions/1579519 https://support.mozilla.org/questions/1579522 https://support.mozilla.org/questions/1579532 https://support.mozilla.org/questions/1579540,"Thunderbird has suddenly gone insane -- ""From"" information w | After last update email does not open as html | Thunderbird not receiving new emails | Is it possible to have the calendar run as a separate app? | SÜTUN UZUNLUKLARI"
2026-05-01,os,os:linux,5,1.0,5.0,above-baseline,1579425 1579442 1579461 1579464 1579467,https://support.mozilla.org/questions/1579425 https://support.mozilla.org/questions/1579442 https://support.mozilla.org/questions/1579461 https://support.mozilla.org/questions/1579464 https://support.mozilla.org/questions/1579467,cant  resize T'bird window | several IMAP accounts | Why does one account have a different color in the left pane | Erro ao tentar adicionar contas no Thunderbird | In searchresults i get a wrong to adress
2026-04-28,os,os:linux,5,1.0,5.0,above-baseline,1578749 1578789 1578791 1578864 1578927,https://support.mozilla.org/questions/1578749 https://support.mozilla.org/questions/1578789 https://support.mozilla.org/questions/1578791 https://support.mozilla.org/questions/1578864 https://support.mozilla.org/questions/1578927,Best practice using Thunderbird on 2 computers with Linux. | Thunderbird icon missing (Version 150.0 on Ubuntu 24.04) | Connection to pop.gvtc.com was reset | Feature Request: A native system tray (AppIndicator) integra | Lost Thunderbird Local Folder
2026-04-27,mail_provider,m:gmail,7,2.0,3.5,above-baseline,1578620 1578655 1578666 1578672 1578679 1578728 1578731,https://support.mozilla.org/questions/1578620 https://support.mozilla.org/questions/1578655 https://support.mozilla.org/questions/1578666 https://support.mozilla.org/questions/1578672 https://support.mozilla.org/questions/1578679 https://support.mozilla.org/questions/1578728 https://support.mozilla.org/questions/1578731,AUTH error logging in | Thunderbird не подключается к почте Gmail | Deleting Gmail email from Thunderbird issues | Add support for snoozing emails similar to gmail and outlook | Thunderbird Continues to Prompt Login After Account Deletion
2026-04-24,os,os:windows,6,1.0,6.0,above-baseline,1578021 1578040 1578046 1578071 1578181 1578204,https://support.mozilla.org/questions/1578021 https://support.mozilla.org/questions/1578040 https://support.mozilla.org/questions/1578046 https://support.mozilla.org/questions/1578071 https://support.mozilla.org/questions/1578181 https://support.mozilla.org/questions/1578204,"sparito account thunderbird e tutta la posta | canot delete Local Folders in Thunderbird | Can't find stored files I have had for many years, | Sudden Keyboard Malfunction | Connection to server Was Reset  (continually)"
2026-04-24,protocol,proto:pop,5,1.0,5.0,above-baseline,1578021 1578046 1578063 1578175 1578181,https://support.mozilla.org/questions/1578021 https://support.mozilla.org/questions/1578046 https://support.mozilla.org/questions/1578063 https://support.mozilla.org/questions/1578175 https://support.mozilla.org/questions/1578181,"sparito account thunderbird e tutta la posta | Can't find stored files I have had for many years, | Program do not check for e-mails on startup | All emails from folder missing | Connection to server Was Reset  (continually)"
2026-04-23,mail_provider,m:microsoftemail,6,2.0,3.0,above-baseline,1577821 1577825 1577845 1577871 1577910 1577989,https://support.mozilla.org/questions/1577821 https://support.mozilla.org/questions/1577825 https://support.mozilla.org/questions/1577845 https://support.mozilla.org/questions/1577871 https://support.mozilla.org/questions/1577910 https://support.mozilla.org/questions/1577989,Mails with no attachments are bigger than 32 MB | i am at the Synchronization Log: Synchronizing Mailbox X@sbc | I'm trying to dump MS Outlook. | SMTP Timeout | TB 150.0 not downloading office365 folders
2026-04-16,os,os:windows,5,1.0,5.0,above-baseline,1576595 1576657 1576684 1576732 1576740,https://support.mozilla.org/questions/1576595 https://support.mozilla.org/questions/1576657 https://support.mozilla.org/questions/1576684 https://support.mozilla.org/questions/1576732 https://support.mozilla.org/questions/1576740,"104.9.0esr 64-bit: - Profile? What profile? (Lots of email,  | importare indirizzi email da gmail | When transfering Thunderbird Profile between PCs passwords a | Meine ankommende E-Mails werden nicht im Posteingang von T-o | Thunderbird 140.9.1esr on Windows 11 (64-bit) - Home Calenda"
