id,question_id,created,updated,content,creator,is_spam,num_helpful,num_unhelpful
1836277,1596244,2026-08-02T20:07:23.273609Z,2026-08-02T20:07:23.273616Z,"<p>Seeing only outbox occurs when the app has never signed into to your accounts. The imap folder list is only downloaded after connecting to your mail provider. </p><p>You likely tapped sign-in ""later"" during QR code or file import, instead of tapping each acount name in turn and completing the oAuth sign-in process for each. See screen shot.   </p><p>You can resolve two ways. </p><p>A) </p><p><strong>Repeat for each account.</strong> 1. Navigate to settings &gt; account name &gt; fetching mail &gt; incoming server 2. Tap next 3. Tap the Sign-in button 4. Login to your provider and grant the app permissions. 5.  Navigate to settings &gt; account name &gt; sending mail &gt; outgoing server 6. Tap next. Your settings will be checked. </p><p>B) </p><p>1. Reinstall the app 2. Import accounts (via QR code or file) 3. Tap each account name and complete it's sign-in flow, </p>",platform34,False,0,0
1836262,1596249,2026-08-02T18:10:38.310382Z,2026-08-02T18:10:38.310389Z,"<p>There's a bug in v21 that stops the empty trash and spam option working. The issue is already fixed in code and made available in Beta v22.0b2 for testing. <a href=""https://github.com/thunderbird/thunderbird-android/releases/tag/THUNDERBIRD_22_0b2"" rel=""nofollow"">https://github.com/thunderbird/thunderbird-android/releases/tag/THUNDERBIRD_22_0b2</a>  </p><p>It'll make it's way to to app stores in due course. </p>",platform34,False,0,0
1836407,1596299,2026-08-03T12:09:37.186365Z,2026-08-03T12:09:37.186374Z,<p>What is the difficulty you're having in doing so? </p><p>Are you trying to copy the recipient names and addresses from the header of one email into the body text of a new mail?  </p><p>Where is the email address list being obtained from? </p>,platform34,False,0,0
1837233,1596299,2026-08-06T22:21:42.413469Z,2026-08-06T22:21:42.413480Z,<p>In mozilla address book I have a list of email addresses I wish to send to a friend. The list has 160 names and email addresses. I can print the list but it prints only 5 per page. I really only want to send the email addresses.. </p>,colinmarsden49,False,0,0
1837252,1596299,2026-08-07T02:29:37.949547Z,2026-08-07T02:29:37.949557Z,"<p>Hi Colin </p><p>Thanks for the clarification. </p><p>You've posted your question in the Thunderbird for Android forum. The mobile app doesn't have an address book hence the confusion. </p><p>It sounds like your question relates to Thunderbird Desktop.  You'll receive TB desktop specific assistance by posting on its forum linked below. <a href=""https://support.mozilla.org/en-US/questions/thunderbird"" rel=""nofollow"">https://support.mozilla.org/en-US/questions/thunderbird</a> </p>",platform34,False,0,0
1837546,1596299,2026-08-08T06:49:56.494422Z,2026-08-08T06:49:56.494431Z,"<p>Hi Colin </p><p>Please see my last response!  </p><p>You've since posted further tickets with the same question in this forum. Please try and keep to a single ticket. It helps keep the conversation history and responses consolidated and avoids duplication. </p><p>You posted the same question a year ago and received the below response from Matt. <a href=""https://support.mozilla.org/en-US/questions/1471140"" rel=""nofollow"">https://support.mozilla.org/en-US/questions/1471140</a> </p><p><em>""You will need to export them (Right click the address book in the list), I suggest as an LDIF file and attach that to an email.""</em> </p><p>Hopefully this reminds you how to complete the task.  The <a href=""https://support.mozilla.org/en-US/questions/thunderbird"" rel=""nofollow"">desktop forum</a> is the best place to ask follow up questions. </p>",platform34,False,0,0
1836457,1596424,2026-08-03T17:08:07.326019Z,2026-08-03T17:08:07.326031Z,"<p>Hi Raphael </p><p><strong>Q1)</strong> Why is there such a feature discrepancy between these versions? </p><p>Thunderbird for android builds upon the code base of <a href=""https://support.mozilla.org/en-US/kb/thunderbird-android-8-faq#w_what-is-the-difference-between-k-9-mail-and-thunderbird-for-android-they-look-the-same"" rel=""nofollow"">K9-Mail</a>, a long established open source email app, They have different development histories. There's no shared code with Thunderbird Desktop. It's comparing apples to oranges. </p><p>Over time there will likely be some feature convergence.  The code base has a lot of technical debt and is a barrier currently. Modernization and refactoring of the code is underway to make future enhancements easier to apply. This is being balanced with current feature development to improve the user experience. </p><p><strong>Q2)</strong> Why is there no warning while exporting that this will be an issue? </p><p>This is an aspect of the app being actively looked at. See link below. <a href=""https://github.com/thunderbird/thunderbird-android/pull/11248"" rel=""nofollow"">https://github.com/thunderbird/thunderbird-android/pull/11248</a> </p><p><strong>Q3)</strong> Will this feature ever be added? </p><p>You can share your ideas and suggestions on  <a href=""https://connect.mozilla.org/t5/ideas/idb-p/ideas/label-name/thunderbird%20android"" rel=""nofollow"">Mozilla Connect</a> where community members can vote for them.  </p><p>The TB team take these into consideration when assessing the <a href=""https://roadmaps.thunderbird.net/en-US/android/"" rel=""nofollow"">roadmap</a> and priorities. Those voted highest have the greatest chance of being selected for development. </p><p>The below may be of interest, or you can add your own ideas. <a href=""https://connect.mozilla.org/t5/ideas/thunderbird-for-android-support-per-identity-smtp-setting/idi-p/95813"" rel=""nofollow"">https://connect.mozilla.org/t5/ideas/thunderbird-for-android-support-per-identity-smtp-setting/idi-p/95813</a> </p>",platform34,False,0,0
1836601,1596538,2026-08-04T12:38:09.825916Z,2026-08-04T12:38:21.441194Z,"<p>Hi Rob </p><p>A. Check the app is successfully connecting to your email providers server. </p> <ol><li> Navigate to settings &gt; account name &gt; fetching mail &gt; incoming server </li><li> Click next </li></ol> <p>Does your account connect successfully or report an error? </p><p>B. Is the issue only with automatic sync? Do emails download when you press the sync account button? </p><p>C. Have you allowed the app to run in the background and excluded from battery optimisations in Android's settings. </p><p>D. Have you changed any settings on the fetching mail page. </p><p>E. Can you successfully send emails from the app? </p><p>F. Have you taken any steps to troubleshoot the issue, such as reinstalling and using default settings? </p>",platform34,False,0,0
1836705,1596622,2026-08-04T18:32:54.325792Z,2026-08-04T18:32:54.325799Z,"<p>What version of Thunderbird for Android are you using? </p><p>Debug log capture is not crashing for me on v22.1 and 22.0b2 on Android 16. I've also not experienced the crash in prior versions i've used going back many years. </p><p>Given the crash, capturing the debug trace from Androids logcat using ADB is your best option. See method B in the guide linked below. </p><p><a href=""https://thunderbird.github.io/thunderbird-android/docs/latest/user-guide/troubleshooting/collecting-debug-logs.html"" rel=""nofollow"">https://thunderbird.github.io/thunderbird-android/docs/latest/user-guide/troubleshooting/collecting-debug-logs.html</a> </p>",platform34,False,0,0
1836937,1596786,2026-08-05T18:01:57.343141Z,2026-08-05T18:01:57.343147Z,"<p>Duplicate of <a href=""https://support.mozilla.org/en-US/questions/1596787"" rel=""nofollow"">https://support.mozilla.org/en-US/questions/1596787</a> </p>",platform34,False,0,0
1836935,1596787,2026-08-05T18:01:22.270215Z,2026-08-05T18:01:22.270239Z,"<p>What version of Thunderbird and Android are you running? </p> <ul><li> If your not running the lastest app version (v21.1), please upgrade. </li></ul> <p>A number of issues with symptoms similar to your own were fixed in previous updates. For example v18 included a fix for: Crash occurred when retrieving images from large messages (#10721) </p> <ul><li> Are you able to provide more detail about the issue? </li></ul> <p>For example, does the issue occur on every email you open.  </p> <ul><li> Try reinstalled the app and keep default settings as a troubleshooting step? </li></ul> <p>If your unable to resolve the issue, please log a bug report on github and attach a debug log. <a href=""https://github.com/thunderbird/thunderbird-android/issues"" rel=""nofollow"">https://github.com/thunderbird/thunderbird-android/issues</a> </p><p>A guide to collecting a debug log is found <a href=""https://thunderbird.github.io/thunderbird-android/docs/latest/user-guide/troubleshooting/collecting-debug-logs.html"" rel=""nofollow"">here</a>. </p>",platform34,False,0,0
1837497,1597150,2026-08-07T22:08:08.571251Z,2026-08-07T22:08:08.571256Z,"<p>Hi Stefan </p><p><strong>1.  </strong>You'll be pleased to know that archiving directly from the notification IS available. First you need to add ""archive"" as one of the three notification actions. Navigate to  settings &gt; general settings &gt; notifications: Notification Actions. </p><p>Once added, an archive button will be available on the notification. <strong>See the attached screen shots</strong>. </p><p><strong>2. </strong>I'm not a TB desktop user so not familiar with the ""time stamped directory option for archiving"". There's nothing in the mobile app currently beyond basic archiving. </p><p>There is a app feature under development that may be what your thinking of. It proposes to create date stamped archives, rather than time stamped ones. See the below link for more info.  No guarentee if/when it will be implemented. </p><p><a href=""https://github.com/thunderbird/thunderbird-android/pull/10113"" rel=""nofollow"">https://github.com/thunderbird/thunderbird-android/pull/10113</a> </p><p><strong>3. </strong>The best place to raise feature requests and share ideas is on Mozilla Connect. Community members can then vote for them. </p><p><a href=""https://connect.mozilla.org/t5/ideas/idb-p/ideas/label-name/thunderbird%20android"" rel=""nofollow"">https://connect.mozilla.org/t5/ideas/idb-p/ideas/label-name/thunderbird%20android</a> </p>",platform34,False,1,0
1837501,1597150,2026-08-07T22:30:56.276541Z,2026-08-07T22:30:56.276546Z,"<p>Hello, </p><p>I feel so silly to not have spotted the first one. I did check all the settings, so I thought, numerous times over various days. So, that's great that it's already there, thanks a lot for pointing that out! </p><p>The second one is indeed exactly what I meant. I wasn't aware there's also a whole thing on GitHub, I'll try to keep that in mind for next time. Thanks for sharing, I now know at least it's on the radar. </p><p>And a final thanks for letting me know for feature requests. I'm good case that's not needed, but good to know. But since I find the link hard to find, maybe in the future I'll bug you once more... </p><p><br> Yours sincerely, </p><p>Stefan </p>",stefan-mozilla-324365,False,0,0
1837681,1597314,2026-08-08T18:00:39.651341Z,2026-08-08T18:00:39.651352Z,"<p>Hi Eugene </p><p>Thunderbird confirms in the below article that debit cards are accepted.  </p><p><a href=""https://give.thunderbird.net/hc/en-us/articles/49703547083795-How-can-I-donate-to-support-Thunderbird"" rel=""nofollow"">https://give.thunderbird.net/hc/en-us/articles/49703547083795-How-can-I-donate-to-support-Thunderbird</a> </p>",platform34,False,0,0
1837773,1597331,2026-08-09T01:06:23.674252Z,2026-08-09T01:06:23.674258Z,"<p>Hi John </p><p>Lets see if we can help you troubleshoot the issue. </p><p><strong>Q1) Not Receiving Emails</strong> </p><p>The update is unlikely to have stopped you receiving email. It mostly contains bug fixes. </p><p><strong>A.</strong> Can you confirm which version of Thunderbird for Android you're using.  </p><p>     You can find this by navigating to: settings &gt; about </p><p><strong>B.</strong> Can you perform the below task. It tests the settings and server connection responsible for receiving mails. </p><p>     1. Navigate to settings &gt; Account name ""BT"" &gt; fetching mail &gt; incoming server.      2. Tap next. </p><p>     Are any error messages displayed in the app or Android notification shade after the test?      Are there any prompts to sign-in? </p><p><strong>C.</strong> Do you receive any emails when you manually sync the account, or see any error message? </p><p>     1. Tap the top left menu button to show your account folders      2. Tap the ""sync account"" button at the bottom of the list </p><p>Once you provide feedback on the above, I'll be better placed to direct you on further trouble shooting steps. Please respond on this ticket. </p><p><strong>Q2) Spam Folder</strong> </p><p>Do you know what type of connection your account is using IMAP or POP? </p><p>     The app does support and display a spam folder. See the attached screen shot.      It's only available on IMAP connections. Pop doesn't support server folders / labels. </p><p>On the assumption you're using Imap but don't see either the spam folder or content within, check the following. </p><p><strong>A.</strong>      1. Navigate to settings &gt; account name &gt; folders.      2. Check ""Spam folder"" is set = Automatic (Spam).      3. If the folder is assigned ""None"",  tap and select your spam folder. </p><p><strong>B.</strong>      1. Tap the top left menu button to show your account folders.      2. Tap manage folders (Bottom of the list).      3. Tap the spam folder.       4. Toggle ""Enable Sync"" ON. </p>",platform34,False,0,0
1837794,1597331,2026-08-09T04:43:42.704951Z,2026-08-09T04:43:42.704962Z,"<p>Hi John </p><p>Can you clarify an addition question with your response. </p><p>Which account domain is the one setup in the mobile app to receive emails from, @deritter.org.uk or @btinternet.com </p>",platform34,False,0,0
1837793,1597334,2026-08-09T04:14:52.311081Z,2026-08-09T04:14:52.311089Z,"<p>Does the issue only occur in Firefox. Can you test using another browsers or app supporting mailto links?  </p><p>What happens when you click a mailto link?  </p> <ul><li> Nothing happens </li><li> You're redirected to a web page in the browser. </li><li> The link opens in another app such as gmail. </li><li> You see a message saying no app can perform this action. </li></ul> <p><strong>Firefox</strong> </p><p>Firefox has some quirks around mailto links. When clicked, Firefox requests confirmation before passing to androids link handling. If you cancel the prompt, clicking the link again does nothing until you close the web page or browser. See screen shots. </p><p><strong>Android</strong> </p><p>When clicking a mailto link, Android normally opens a box allowing you to select which app to open the link with. If you've previously set a default app via this box (ticked don't ask again), it will open automatically. </p><p>To reset this default app so you can pick Thunderbird ... </p> <ol><li> Open Android settings &gt; Apps. </li><li> Tap the name of the app currently opening mailto links. </li><li> Look for ""open by default"" or a similar setting (varies by phone / Android version). </li><li> Tap clear default preferences. </li></ol> <p>There's no in app setting within Thunderbird Android to enable / disable its link handling. </p>",platform34,False,0,0
