date_created_utc,creator,creator_url,version,os,question_id,question_url,question_title,question_content
2026-04-06 03:05,rtmick,https://support.mozilla.org/en-US/user/rtmick/,149.0.1,macOS Tahoe Version26.3.1 (a),1574886,https://support.mozilla.org/questions/1574886,Cannot migrate Thunderbird from Win 11 to MAC,"Having tried more than a dozen sets of downloaded instructions, including those from Mozilla Thunderbird and Apple, I have become increasingly frustrated and convinced that Thunderbird doesn't work on a MAC.  Can you offer any ""official"" instructions?  Thank you! "
2026-04-06 03:34,ThunderbirdUser23987,https://support.mozilla.org/en-US/user/ThunderbirdUser23987/,140.9.0esr-bb20,Windows 10/11,1574888,https://support.mozilla.org/questions/1574888,Search folder keeps disappearing,I have a search saved as a folder.  I use it on my Gmail many times a day and have for a long time.  But in the past week or two it has started disappearing.  I recreate it and it disappears again a few days later.  Any idea what I can do about this? Win11 140.9.0esr-bb20 (64-bit) 
2026-04-06 17:35,auto333masters,https://support.mozilla.org/en-US/user/auto333masters/,,Windows 11,1574962,https://support.mozilla.org/questions/1574962,送受信するとメールボックスにメールを書き込めませんでした。ファイルシステムに書き込み権限があるか、ディスクに十分な空き容量があるか確認してくだとでてきてすべてのメール削除などしましたが解決しません。解決方法教えてください。,受信するとメールボックスにメールを書き込めませんでした。ファイルシステムに書き込み権限があるか、ディスクに十分な空き容量があるか確認してください。の表示がでてしまいます。すべてのメール削除したりしましたが解決できません。どうしたらよいでしょうか？ 
2026-04-08 14:52,tommy2k14,https://support.mozilla.org/en-US/user/tommy2k14/,149.0.1,Windows 11,1575286,https://support.mozilla.org/questions/1575286,Downloads old messages,"Yesterday, downloading emails got stuck because it couldn't download an email. I tried this multiple times and then it said it couldn't connect to my email server. I tried Repairing the individuals folders but the problem persisted. I looked the problem up, and one of the recommendations was to uninstall Thunderbird, the profile folder, and install it again. When I launched it again, it told me it couldn't find a profile, so I went to the app data folder and restored the folder containing my emails etc. I reconnected it to my Yahoo Mail server. I started TB this morning, and it does the same thing. It tries to download 205 emails, when I know I haven't got that many from yesterday. It still gets stuck on email 21, so I close it, open it, close it, open it, in which it checks again, and I go round and round in circles. It is now telling me that it has failed to connect to the Yahoo server. Checking mail through the Yahoo site works fine. I am using TB 149.0.1 on Wiindows 11. "
2026-04-08 15:02,annesweetman49,https://support.mozilla.org/en-US/user/annesweetman49/,,Windows 10,1575290,https://support.mozilla.org/questions/1575290,Why does thunderbird sometimmes not continue after I enter email address and subject.,"I sometimes find that after I have filled in the email address and subject of the email and sometimes start writing the email, it goes back to the original page and I have to start again. "
2026-04-08 15:15,mary.siggi.guhl,https://support.mozilla.org/en-US/user/mary.siggi.guhl/,149.0.2 (32-Bit,Windows 10/11,1575292,https://support.mozilla.org/questions/1575292,Messages could not be written to the mailbox file.,see images 
2026-04-08 17:29,OrbitPost,https://support.mozilla.org/en-US/user/OrbitPost/,149.0.2,Windows 11,1575306,https://support.mozilla.org/questions/1575306,Duplicated emails in unified folder,"New emails to some accounts appear as duplicates in the unified folder.  I suspected it may be connected to the fact I use ""All Mail"" as the archive folder for a Gmail account, but now the problem is happening with a Proton account as well. When I restart Thunderbird, or deactivate and reactivate the Unified folders view, they no longer appear as duplicates. I am using Thunderbird 149.0.2 on Windows 11. The issue started a few weeks ago. Any help would be much appreciated! "
2026-04-08 20:02,alex91,https://support.mozilla.org/en-US/user/alex91/,149.0.2 (64-bit),Windows 11,1575324,https://support.mozilla.org/questions/1575324,file type icon missing in attachment window,"When composing an email and adding an attachment, the file type icon does not appear next to the file name of the attachment. I located this thread: https://support.mozilla.org/en-US/questions/1547712  which seemed to address this and someone hit on the issue--file names that have a space in the name--test file.pdf for example generate the problem. When attaching a file with no spaces in the name, the icon appears. Any further info on this?  Windows 11 personal. Thunderbird v. 149.0.2 (64-bit) Thanks "
2026-04-09 02:17,bgearry1,https://support.mozilla.org/en-US/user/bgearry1/,latest,Windows 11,1575404,https://support.mozilla.org/questions/1575404,Changed password in Google and can't connect gmail to Thunderbird,"Changed Google account password and now get error message ""400"" when trying to use Thunderbird to access email "
2026-04-09 03:27,ROBERTO.CA1960,https://support.mozilla.org/en-US/user/ROBERTO.CA1960/,,Windows 11,1575415,https://support.mozilla.org/questions/1575415,"boa tarde, è desde novembro que com minhas contas de email nao consigo mais enviar seja do thunderbird seja do outlook, o servidor me diz que as configurações que me passou estao coretas e a vivo me diz que nao tem restrição no modem, que pode ser?","como estou escrevendo no cabeçãlho è deste novembro que estou com este problema, meu thunderbird e meu outlook pararam de enviar e mail dizendo que a configuração do meu SMPT esta errada, entrao em contato com o servidor na italia me confirma que a configuaração esta correta e nao e culpa deles, a vivo me responde que nao tem bloqueio  no meu modem, entao pq desde novembro nao consigo mais enviar mail sendo que da web consigo? alguem tem uma resposta? obrigado "
2026-04-09 03:46,mgfox66,https://support.mozilla.org/en-US/user/mgfox66/,,Windows 11,1575416,https://support.mozilla.org/questions/1575416,email on thunderbird does not work only comcast account does work connection is good,I cant not get my email to work iin my thunderbird I know I have a connection so its the program what do I fix ? 
2026-04-09 05:52,Linda85377,https://support.mozilla.org/en-US/user/Linda85377/,149.0.1,Windows 11 (most recent version),1575437,https://support.mozilla.org/questions/1575437,Thunderbird: Login to server pop.centurylink.net with username xxxx failed.,"(Windows 11. Desktop computer. Thunderbird 149.0.1)  Last week, I could no longer log in. ""Login to server pop.centurylink.net with username xxxx failed.""  It had been working perfectly fine prior to a hard drive failure. A couple of weeks ago, a new SSD drive was installed. It was checked by technicians as said to be working fine. Per their directions, I did a sfc /scannow test which revealed no problems with the new drive. Thunderbird worked fine for a couple of weeks with the new drive before the login problems presented. Last week, Centurylink Email chat went offline during normal business hours. The message pop-up said it was NOT normal business hours when it was. I called someone in the Internet Department who checked into it for me, although his department no longer supports email issues. He said there were system issues in the email and chat division which was why the chat was down. This corresponded exactly to the malfunctioning of Thunderbird. The following Monday morning, the email chat was back up and running as was Thunderbird. Once again I could login. It was fine for a few days before it stopped again.  I input the outgoing and incoming server settings as directed by Centurylink. Incoming Mail: Server: pop.centurylink.net; Port: 995; Encryption: SSL/TLS. Outgoing Mail (SMTP) Server: smtp.centurylink.net; Port 587; Encryption: TLS (or 465 with SSL). I had to do a manual configuration because Thunderbird automatically inserted the STARTTLS encryption with the 587 port code.  I reinstalled Thunderbird with no change. I changed my password at the ISP and then reinstalled Thunderbird with the new password. No change.  I turned my non-Microsoft virus software off and the problem persisted. I checked Windows Defender firewall and it allows emails/email programs to go through.  I contacted the Centurylink Email chat  who denied there had every been any ""system issues"". They said that  since I could log into their webmail, that the problem was not on their end but was with my email client. However, sometimes when I log into the Centurylink webmail, literally within seconds it flashes a message box saying my session has expired and I have to log in all over again. That doesn't seem right.  I don't know what else to try. Any help you can offer would be greatly appreciated. "
2026-04-09 18:00,mocoe315,https://support.mozilla.org/en-US/user/mocoe315/,,Windows 11,1575506,https://support.mozilla.org/questions/1575506,アーカイブフォルダのアイコン切替,アーカイブしたメールの保存先のフォルダーを切り替えました。 新フォルダーと旧フォルダーのどちらも，アイコンがボックス型となっております。 旧フォルダーは通常のフォルダーアイコンに戻したいです。 どうすればいいでしょうか。 なお，GmailからIMAPで同期しています。 I’ve changed the folder where archived emails are saved. Both the new folder and the old folder now have box-shaped icons. I’d like to revert the old folder to the standard folder icon. How can I do that? Note: I’m syncing via IMAP from Gmail. 
2026-04-09 19:39,matti.viitanen10,https://support.mozilla.org/en-US/user/matti.viitanen10/,,Windows 11,1575519,https://support.mozilla.org/questions/1575519,acessibility to mail.inet.fi failed,no response to mail.inet.fi while using account matti.viitanen@pp.inet.fi 
2026-04-10 00:44,marth39,https://support.mozilla.org/en-US/user/marth39/,140.9.0esr (64-bit,Windows 11,1575564,https://support.mozilla.org/questions/1575564,Thunderbird won't show or send message. Microsoft suddenly requires a second email address.,"Thunderbird won't work anymore.  Microsoft message requiring that I add another email address in case I can't access email account.  I don't want to use other email address, but there is no other option to this message. "
2026-04-10 02:29,triplek45302,https://support.mozilla.org/en-US/user/triplek45302/,149.0.2,Windows 10 PRO,1575587,https://support.mozilla.org/questions/1575587,"SUDDENLY GETTING ""CONNECTION FAILED""","I HAVE CHANGED NOTHING & CAN LOG ON SERVER WHILE IN  THUNDERBIRD SETTINGS, BUT WHEN ASKING FOR NEW MAIL AM TOLD ""LOGIN TO SERVER WITH (MY EMAIL) FAILED"". THIS IS SUDDEN SINCE UPDATING TO LATEST THUNDERBIRD.  LOGGING ON IN FIREFOX WITH SAME INFO IS FINE! THANKS "
2026-04-10 02:58,tomwerenski,https://support.mozilla.org/en-US/user/tomwerenski/,,Windows 10,1575593,https://support.mozilla.org/questions/1575593,"inbox does not get messages in real time, instead saves and sends day late","inbox does not get messages in real time, instead saves and sends day late "
2026-04-10 09:44,akiko4,https://support.mozilla.org/en-US/user/akiko4/,140.9.1esr (64 ビット,Windows 11,1575631,https://support.mozilla.org/questions/1575631,アカウントエラーが表示されメールが取り込めない,メールを読み込むと「アカウントエラー　メールボックスにメールを書き込めませんでした。ファイルシステムに書き込み権限があるか、ディスクに十分な空き容量があるか確認してください」と表示される。 同アプリで他のメールアカウントでは表示されず、取り込みについても問題はないため、容量に問題はないと思われる。 また別の端末では正しくメールを取り込んでいる。 対処方法を教えてください。 
2026-04-10 17:49,fam.spengler,https://support.mozilla.org/en-US/user/fam.spengler/,140.9.1esr 64-Bit,Windows 11,1575676,https://support.mozilla.org/questions/1575676,Thunderbird lädt keine neuen Mails mehr vom pop3 Postfach herunter,"Thunderbird lädt keine neuen Mails mehr vom pop3 Postfach herunter, aber ständig alte. Beim versuch das Konto neu einzurichten kann Thunderbird keine Einstellungen finden, obwohl die Einstellungen stimmen. Auf dem Handy (Android) werden die Mails einwandfrei heruntergeladen. "
2026-04-11 06:37,sannies1,https://support.mozilla.org/en-US/user/sannies1/,149.0.1 (64 bit),Windows 10,1575769,https://support.mozilla.org/questions/1575769,Thunderbird Newsletter is a blank page containing no body to the letter.,"I donate monthly to Thunderbird and subscribe the the Thunderbird Newsletter.   A few times I have received an email from Thunderbird Newsletter with no letter body to the email - only the header that says, Update Profile""  I need more information than that before I screw up something that is working fine.  A two word header on an email does not provide enough information.  I need to know: What profile - my Thunderbird email profile or is there another one for the Newsletter? If the email is referring to my email profile, why does it needs updating?  Where to update it? Why is there no message in the body of the Newsletter email?  I also would like the link to the Newsletter. Your support articles have no information about resolving this issue. The Thunderbird Newsletter email is a ""no reply."" "
2026-04-11 20:59,Matt_McKee,https://support.mozilla.org/en-US/user/Matt_McKee/,149.0.2,Windows 10,1575857,https://support.mozilla.org/questions/1575857,Enter Password To Download Messages,"Greetings, I'm some insight on having to constantly enter my password (ISP) to download email messages.  Ever since I can remember when I started Thunderbird I would enter my ISP password for my accounts once and it would download the messages as long as Thunderbird was running.  I think after a Thunderbird update, now every 10 minutes when Thunderbird checks for new email messages I'm prompted to enter my ISP password.  I do not tell Thunderbird to remember my password and I'm not sure what has changed to cause this, any insight is appreciated! "
2026-04-11 23:11,firefox2007,https://support.mozilla.org/en-US/user/firefox2007/,149.0.2 (64-bit),Windows 10,1575879,https://support.mozilla.org/questions/1575879,In Thunderbird how to override high contrast colours ?,"Hi, This thread https://support.mozilla.org/en-US/questions/1538723 This is for high contrast theme users such as the greyeve theme (universal windows 10 darkmode theme) Which is the top google result for  ""thunderbird high contrast override"" Has been locked and so I cannot post this reply. Since that thread does not contain a valid usable answer Anyone coming in from google search, here is the answer Go to general -> config editor  and set the following value to 1 browser.display.document_color_use = 1 "
2026-04-12 12:10,jamd.eshore,https://support.mozilla.org/en-US/user/jamd.eshore/,140.8.0esr,Windows 11,1575943,https://support.mozilla.org/questions/1575943,my inbox went empty suddenly and then I found it had moved down the panel under 'local folders',"At first the inbox went empty and then when I closed T-bird and reopened it had put in 100 emails from 2023!  And then fortunately I found the 'inbox' name had moved way down in the left panel under 'local folders' and still had all my current emails.  Can I drag the 'inbox' in the panel back up under my current address where it usually resides?  All this happened after I sent 2 photos off my phone to my gmail account to my email address.  I prefer to do my emails on my desktop, on Windows 11.   Bitdefender says I am safe. I cannot find what version of Thunderbird I have. I typed in 'Thunderbird App menu help' in the search bar on my desktop with no help found.  I do not know how to do the 3 lines icon.  Pressing the alt key or F10 did nothing.  I looked in all the T-bird settings to no avail. So I typed in the 140.8 version just so you would at least get this query.  I have no idea what version I have. Very frustrating!  Thank you. "
2026-04-13 00:12,ConeWH,https://support.mozilla.org/en-US/user/ConeWH/,149.0.2,Windows 10/11,1576010,https://support.mozilla.org/questions/1576010,When you click on a calendar reminder details it opens in edit mode.,"Why does a calendar reminder open in edit mode when you select it.  If you go to the calendar and open it you are presented with the information and the attachments.  If you click on the reminder you must click on details and then you must select ""Edit only this occurrence"" or ""Edit all occurrences"" and then select ""Attachments"".   Why is there not an option to have the reminder open as it would if you selected it in the calendar? "
2026-04-13 04:24,cheerful,https://support.mozilla.org/en-US/user/cheerful/,149.0.2,Windows 11,1576053,https://support.mozilla.org/questions/1576053,How to access outlook.com calendar and contacts on 149,"Hi, New to Thunderbird, trying to move away from Outlook on Windows. For hotmail account, I was able to quickly set up account, read and send emails. However, the calendar does not show up.  It has an enable button which I clicked.  But it appears to be a new calendar and it's empty Search shows to install TbSync and Provider for Exchange ActiveSync. However, it's not available in add-ons/extension (shows as not compatbile with 149). What else can I do?  Don't want to give up this quickly. Thanks "
2026-04-13 05:17,mpmcdonald,https://support.mozilla.org/en-US/user/mpmcdonald/,149.0.2 (64-bit),Windows 11,1576061,https://support.mozilla.org/questions/1576061,Punctuation keys are suddenly returning different characters.,"Some of them are Spanish (tilde, ¿, accents, etc.). Settings/about:preferences#general says my preferred language is English(US). How do I change the keyboard layout back to standard American English? "
2026-04-13 05:39,dusk,https://support.mozilla.org/en-US/user/dusk/,149.0.2,Windows 10/11,1576064,https://support.mozilla.org/questions/1576064,Smartcards & broken GPG support,"Hello, I am writing this message in regards to Thunderbird's GPG support after v68, in the last hope that someone suggests a solution that moves me away from version 68. I consider the current state broken. My PGP keys reside on a Yubikey, but smartcard usage has been broken after v68, as none of the supposedly correct setups work. It should work pretty much out of the box, but it doesn't. The whole idea of moving away from Enigmail without having a properly, fully implemented support, including for smartcards, or at least for working with GPG, was utterly misguided, IMO, and broke the once nice client.  I enabled gpg usage and fetching in Settings, I imported my pubkeys to Thunderbird's PGP manager, then added my external key (with GPG). Everything looks fine. But when I click an encrypted message, I get ""The secret key that is required to decrypt this message is not avaliable"". Nah, it's available and it's there! The pinentry isn't appearing at all and this is the result. I believe this is TB's fault, as the pinentry correctly appears with everything else I do, also with TB 68 + Enigmail. The setup is the same. I am using the latest Gpg4win. Settings: mail.openpgp.allow_external_gnupg - true mail.openpgp.fetch_pubkeys_from_gnupg - true mail.openpgp.alternative_gpg_path - has no effect whether set or not gpg-agent.conf: enable-win32-openssh-support default-cache-ttl-ssh 900 max-cache-ttl-ssh 1800 no-allow-external-cache default-cache-ttl 300 max-cache-ttl 3000 ignore-cache-for-signing allow-loopback-pinentry gpg.conf:  utf8-strings auto-key-locate local use-agent FYI, adding ""pinentry-program"" has no effect on solving the problem, whether set or not. Your suggestions are welcome! "
2026-04-13 16:20,aldileon,https://support.mozilla.org/en-US/user/aldileon/,149.0.2 (aarch64),Mac OS x 10_15_7,1576128,https://support.mozilla.org/questions/1576128,New Account Setup Hub does not work with @live.de (Outlook) Mail,"Hi I wanted to add my @live.de (Outlook) email account in Thunderbird. I entered the email and got redirected to Microsoft oauth, which I granted. After some loading I was presented a screen, where I should enter my password and username (again). After doing so I see a ""Exchange auth error"".  I guess this means I somehow got in the exchange funnel, which is not fitting for my private outlook account. I was left in this state with back bringing me to the first view (before oauth) and continue gives me the error.  I could solve this problem by disabling the new account setup hub and setting it up using the old one.  If this experimental feature is enabled by default, you need a ""something is not working please take me to the old version"" button in the footer.  I did not find any ways to report this bug, so I hope here is the right place. "
2026-04-13 16:21,woody19467,https://support.mozilla.org/en-US/user/woody19467/,Versio 149.0.2 (64,Windows 11,1576129,https://support.mozilla.org/questions/1576129,Command Error 12,"Moved all my email to brand new PC, all working except alicegimbird@hotmail.co.uk , it just keeps coming up  "" The current operation on Inbox did not succeed. The mail server for  alicegimbird@hotmail.co.uk responded Command Error.12. "
2026-04-14 02:05,p.h.de.v,https://support.mozilla.org/en-US/user/p.h.de.v/,149.0.2,Windows 11,1576204,https://support.mozilla.org/questions/1576204,"I have two outlook mail accounts installed in Thunderbird, only one works","I have two outlook mail accounts installed in Thunderbird, with the same parameters (except of course login name and password). Only the mail account installed first, works. The other only shows its inbox but no other folders or message. If I test its connection, the account seems to be properly connected. Next to the two outlook accounts, I have three gmail accounts installed in my Thunderbird. They work without problems. What could be the problem with the outlook accounts? "
2026-04-15 02:18,marcelo20,https://support.mozilla.org/en-US/user/marcelo20/,140.8.0esr,Linux,1576395,https://support.mozilla.org/questions/1576395,Como importar arquivos pst do Outlook para o Thunderbird?,Migrei do Windows para o Linux recentemente e preciso das pastas de e-mails e contatos do Outlook. Como importar ou converter arquivos pst do Outlook para o Thunderbird? Grato. 
2026-04-15 09:58,greginchonburi,https://support.mozilla.org/en-US/user/greginchonburi/,149.0.2,Windows 10,1576450,https://support.mozilla.org/questions/1576450,"Downloaded email, is not avalible on my computer","IMAP accounts, every time I open Thunderbird it has to authenticate and down load all my email;  why isn't my all my current email available?  And yes in settings I have ""Keep messages in all folders for this account on this computer"" checked. And yes in ""Advanced"" settings all folders are checked. "
2026-04-15 16:04,aaaaa,https://support.mozilla.org/en-US/user/aaaaa/,149.0.2 release,Windows 11,1576490,https://support.mozilla.org/questions/1576490,Thunderbird Hilfe 1,"Good day, thank you in advance for your help. I have two questions: 1. Which Thunderbird version is better than ESR? Could you share your opinion? It's faster and it applies all changes more quickly, that's how it seems right now. If there are still 32-bit and 64-bit versions available simultaneously, I'll test it sometime. I have no idea what kind of channel that would be. Problem question: In Thunderbird 64-bit POP3, the font changes to blue for every second email, including in replies. Can you tell me how to display every email in black? Only the second email in the inbox is displayed in blue, so the text isn't blue when receiving emails. When composing, everything looks black. What do I need to change? Question 2: Regardless of whether it's 32-bit, 64-bit, or any channel, I see updates to the latest version, and in the program itself, there's an option to view older updates, but everything is white. I only see white and nothing else. Is this intentional? I can't see the update, but it's still current?  ``` Thanks for the information "
2026-04-15 16:07,aaaaa,https://support.mozilla.org/en-US/user/aaaaa/,149.0.2,Windows 11,1576491,https://support.mozilla.org/questions/1576491,Thunderbird Hilfe 2,"Good day, thank you in advance for your help. I have two questions: 1. Which Thunderbird version is better than ESR? Could you share your opinion? It's faster and it applies all changes more quickly, that's how it seems right now. If there are still 32-bit and 64-bit versions available simultaneously, I'll test it sometime. I have no idea what kind of channel that would be. Problem question: In Thunderbird 64-bit POP3, the font changes to blue for every second email, including in replies. Can you tell me how to display every email in black? Only the second email in the inbox is displayed in blue, so the text isn't blue when receiving emails. When composing, everything looks black. What do I need to change? Question 2: Regardless of whether it's 32-bit, 64-bit, or any channel, I see updates to the latest version, and in the program itself, there's an option to view older updates, but everything is white. I only see white and nothing else. Is this intentional? I can't see the update, but it's still current?  ``` Thanks for the information "
2026-04-15 17:36,hgarciaperis,https://support.mozilla.org/en-US/user/hgarciaperis/,149.0.2 (64-bit),Windows 10,1576499,https://support.mozilla.org/questions/1576499,Insert HTML blocks images,"I'm using Thunderbird 149.0.2 (64-bit) for windows. I offen prepare emails in an HTML file and when I'm ok with the result I insert HTML to a new email. Until older versions Thunderbird blocks remote images when I insert HTML, but appears a message at the end of the email warning me that it blocked images and an Option button and I could unblock image by image all the images. But with this version the message still appears but the button doesn't appear and I can't unblock the images. I think this is a bug and I need to get back that button, because I send messages this way a lot. Thank you "
2026-04-15 19:46,2dave,https://support.mozilla.org/en-US/user/2dave/,115.18.0  64bit,Windows 7,1576515,https://support.mozilla.org/questions/1576515,Links in emails do not work.,"When I receive an email that includes a live link it does not work when I click on it.  Instead I get a popup error message that says   ""Windows cannot access the specified device, path, or file.  You may not have the appropriate permissions to access the item."" I can sometime manage to copy the link address and paste it into a browser but this is not always successful. "
2026-04-15 19:50,mozilla40,https://support.mozilla.org/en-US/user/mozilla40/,140.9.1esr,Linux,1576516,https://support.mozilla.org/questions/1576516,thunderbird imap inbox default action is edit draft after upgrade.  how to change back to open?,Upgraded from `102.15.1` (deb) to `140.9.1esr` (flatpak).  Now for all my Imap folders the default action (double-click) is `Edit Draft` instead of `Open`. This is confirmed by right-clicking and having `Edit Draft Message` in bold at the top of the list. How can I fix it? - imported old profile with `⁝` -> `Tools` -> `Import` - found https://support.mozilla.org/gl/questions/1364428 and tried the addon it recommended but none of the imap folders were flagged as draft. 
2026-04-15 20:57,pwrgreg007,https://support.mozilla.org/en-US/user/pwrgreg007/,,Windows 10/11,1576520,https://support.mozilla.org/questions/1576520,"Unhable to login, Thunderbird in Windows","To install a Windows 10 update (I'm on extended support) I told it to update & shutdown. I fired it up this morning and Thunderbird is asking for credentials. It usually just runs & downloads emails. I enter my password, then a code from authenticator app. It shows the page below in an embedded browser window that has a checkbox and an ""Agree"" button. I check the box but the Agree button is still disabled. Dead end. I cannot connect & I'm stuck. "
2026-04-15 21:42,bryankeithneal,https://support.mozilla.org/en-US/user/bryankeithneal/,K9 is V17.,Mac OS x 10.7,1576532,https://support.mozilla.org/questions/1576532,K9 and thunderbird not working with BT mail,"Hi, as of 14/4/26 my K9 (Samsung mobile) and Thunderbird (Mac Pro) no longer works with my bt internet account. Cannot receive or send emails. Have checked both in and outgoing server settings and all agree with bts advised settings. When I attempt to fetch in K9 I get error “network error readstringuntil():end of stream reached. Read:””while waiting for’’. When I attempt to send get message “unknown error unexpected end of stream. Contacted BT and they told me all my settings were good. I suspect something has changed at the BT server end. They did say they had relocated?? Any one else suffering this? "
2026-04-15 22:21,Gary_squared,https://support.mozilla.org/en-US/user/Gary_squared/,140.9.1 esr,Windows 10/11,1576538,https://support.mozilla.org/questions/1576538,Open link in browser with contol key switches to browser,"Opening a link in email with control key now switches to browser (Firefox).  Previously, pressing the control key when opening a link did not switch to browser.  This is handy for opening multiple links in an email without switching to browser each time.  Is there a setting somewhere to restore the previous behavior? "
2026-04-16 00:19,beaudonnat.jean-luc,https://support.mozilla.org/en-US/user/beaudonnat.jean-luc/,140.9 1esr (32bits,Windows 10,1576564,https://support.mozilla.org/questions/1576564,"Je n'arrive plus à me connecter, voici le message d'erreur ""Échec de la connexion depuis le serveur imap.sfr.fr avec le nom d’utilisateur beaudonnat.jean-luc@neuf.fr.","Je n'arrive plus à me connecter, voici le message d'erreur ""Échec de la connexion depuis le serveur imap.sfr.fr avec le nom d’utilisateur beaudonnat.jean-luc@neuf.fr. Pouvez-vous me dire ce qu'il faut faire pour me connecter. A savoir j'ai changé mon mot de passe mais celui-ci ne me permet toujours pas d'accéder à mes mails. "
2026-04-16 04:34,woodworth1,https://support.mozilla.org/en-US/user/woodworth1/,149.0.2 (64-bit),Windows 10,1576596,https://support.mozilla.org/questions/1576596,"why did the email folders I added such as auto, bank, legal, medical now I have lost those emails","why did the email folders I added such as auto, bank, legal, medical now I have lost those emails "
2026-04-16 05:03,dicknick46,https://support.mozilla.org/en-US/user/dicknick46/,140.9.1esr,Mac OS Sequoia 15.7.5,1576600,https://support.mozilla.org/questions/1576600,A link selection displayed in Thunderbird is not opening a web in Safari and other browsers... what's going on?,"Over the last week or so, selecting a link embedded within an incoming email on Thunderbird does not now ensure that the desired webpage will be opened in Safari and other browsers. Shutting down Thunderbird, intermittently enables the proper functional activity of opening the desired webpage. I've discussed this with Apple (iMac; Sequoia 15.7.5) and was unable to identify this as an Apple problem. "
2026-04-16 05:27,cmackenzie1,https://support.mozilla.org/en-US/user/cmackenzie1/,149.0.2 (64-bit),"Windows 11 Pro, build 26200.8246",1576604,https://support.mozilla.org/questions/1576604,"""Open message in conversation"" is no longer based on the correspondent","I have relied heavily on the ""Open message in conversation"" function, because it gave me a tree of messages across all folders (Inbox, Sent, etc.) that was based on the person I was corresponding with. Now, the function is giving me a tree based on the Subject of the message.  This behavior makes it useless to me.  I've looked, and I can't find any configuration setting that would control this option. How can I once again get a message tree based on the correspondent's name, then sorted next by date? Thanks! "
