date,num-gmail-matches-2026-03-01_to_2026-03-31,num-gmail-matches-2026-01-29_to_2026-02-28,num-microsoft_hosted_email-matches-2026-03-01_to_2026-03-31,num-microsoft_hosted_email-matches-2026-01-29_to_2026-02-28,num-oauth-matches-2026-03-01_to_2026-03-31,num-oauth-matches-2026-01-29_to_2026-02-28,num-yahoo_aol_att_etc-matches-2026-03-01_to_2026-03-31,num-yahoo_aol_att_etc-matches-2026-01-29_to_2026-02-28,2026-03-01_to_2026-03-31-gmail-matching-ids,2026-01-29_to_2026-02-28-gmail-matching-ids,2026-03-01_to_2026-03-31-microsoft_hosted_email-matching-ids,2026-01-29_to_2026-02-28-microsoft_hosted_email-matching-ids,2026-03-01_to_2026-03-31-oauth-matching-ids,2026-01-29_to_2026-02-28-oauth-matching-ids,2026-03-01_to_2026-03-31-yahoo_aol_att_etc-matching-ids,2026-01-29_to_2026-02-28-yahoo_aol_att_etc-matching-ids
2026-03-01,5,7,47,48,5,1,47,48,1568372;1568404;1568430;1568434;1568455,1562438;1562608;1562760;1562791;1562884;1562888;1562912,1567098;1567565;1567621;1567655;1567951;1567989;1568029;1568117;1568124;1568159;1568203;1568271;1568282;1568290;1568292;1568303;1568307;1568310;1568316;1568317;1568318;1568321;1568326;1568333;1568344;1568352;1568353;1568358;1568366;1568372;1568383;1568385;1568390;1568400;1568404;1568408;1568427;1568430;1568434;1568435;1568455;1568458;1568462;1568466;1568468;1568473;1568476,1561659;1561708;1561975;1562043;1562282;1562318;1562323;1562377;1562419;1562438;1562608;1562639;1562672;1562694;1562717;1562740;1562760;1562791;1562805;1562808;1562825;1562826;1562834;1562842;1562843;1562844;1562847;1562848;1562851;1562855;1562856;1562863;1562866;1562868;1562869;1562878;1562880;1562881;1562884;1562888;1562889;1562893;1562912;1562917;1562918;1562920;1562925;1562927,1568282;1568353;1568372;1568390;1568434,1562438,1567098;1567565;1567621;1567655;1567951;1567989;1568029;1568117;1568124;1568159;1568203;1568271;1568282;1568290;1568292;1568303;1568307;1568310;1568316;1568317;1568318;1568321;1568326;1568333;1568344;1568352;1568353;1568358;1568366;1568372;1568383;1568385;1568390;1568400;1568404;1568408;1568427;1568430;1568434;1568435;1568455;1568458;1568462;1568466;1568468;1568473;1568476,1561659;1561708;1561975;1562043;1562282;1562318;1562323;1562377;1562419;1562438;1562608;1562639;1562672;1562694;1562717;1562740;1562760;1562791;1562805;1562808;1562825;1562826;1562834;1562842;1562843;1562844;1562847;1562848;1562851;1562855;1562856;1562863;1562866;1562868;1562869;1562878;1562880;1562881;1562884;1562888;1562889;1562893;1562912;1562917;1562918;1562920;1562925;1562927
2026-03-02,8,7,66,43,9,2,66,43,1568404;1568427;1568458;1568468;1568499;1568617;1568645;1568646,1562608;1562965;1562988;1563030;1563051;1563054;1563063,1566274;1566865;1567363;1567377;1567564;1567621;1567622;1567727;1567741;1567818;1567871;1568117;1568155;1568174;1568258;1568282;1568317;1568353;1568372;1568390;1568400;1568404;1568408;1568427;1568455;1568458;1568466;1568468;1568473;1568476;1568488;1568499;1568506;1568509;1568523;1568525;1568528;1568530;1568531;1568533;1568540;1568541;1568544;1568545;1568546;1568551;1568553;1568564;1568579;1568580;1568595;1568603;1568607;1568611;1568617;1568619;1568621;1568632;1568634;1568641;1568645;1568646;1568661;1568663;1568667;1568669,1561149;1561858;1561975;1562043;1562230;1562282;1562377;1562553;1562608;1562844;1562855;1562856;1562927;1562932;1562942;1562947;1562948;1562956;1562965;1562983;1562988;1562990;1562992;1562997;1563003;1563008;1563030;1563035;1563046;1563051;1563053;1563054;1563057;1563063;1563064;1563065;1563067;1563069;1563080;1563081;1563082;1563104;1563115,1567621;1567741;1567818;1568258;1568499;1568506;1568528;1568617;1568632,1563051;1563053,1566274;1566865;1567363;1567377;1567564;1567621;1567622;1567727;1567741;1567818;1567871;1568117;1568155;1568174;1568258;1568282;1568317;1568353;1568372;1568390;1568400;1568404;1568408;1568427;1568455;1568458;1568466;1568468;1568473;1568476;1568488;1568499;1568506;1568509;1568523;1568525;1568528;1568530;1568531;1568533;1568540;1568541;1568544;1568545;1568546;1568551;1568553;1568564;1568579;1568580;1568595;1568603;1568607;1568611;1568617;1568619;1568621;1568632;1568634;1568641;1568645;1568646;1568661;1568663;1568667;1568669,1561149;1561858;1561975;1562043;1562230;1562282;1562377;1562553;1562608;1562844;1562855;1562856;1562927;1562932;1562942;1562947;1562948;1562956;1562965;1562983;1562988;1562990;1562992;1562997;1563003;1563008;1563030;1563035;1563046;1563051;1563053;1563054;1563057;1563063;1563064;1563065;1563067;1563069;1563080;1563081;1563082;1563104;1563115
2026-03-03,5,7,60,55,7,0,60,55,1568434;1568506;1568712;1568759;1568887,1561552;1562866;1563051;1563063;1563076;1563113;1563189,1566865;1567621;1567622;1567741;1567897;1568117;1568128;1568258;1568282;1568326;1568358;1568390;1568434;1568476;1568506;1568617;1568634;1568667;1568669;1568674;1568675;1568680;1568687;1568690;1568693;1568701;1568702;1568703;1568704;1568712;1568718;1568724;1568729;1568736;1568748;1568759;1568797;1568806;1568811;1568829;1568833;1568835;1568840;1568842;1568848;1568849;1568851;1568859;1568867;1568869;1568871;1568874;1568879;1568880;1568882;1568886;1568887;1568888;1568891;1568892,1561283;1561552;1561858;1561946;1561975;1562043;1562282;1562553;1562732;1562808;1562834;1562843;1562863;1562866;1562912;1562917;1562918;1562920;1562925;1562932;1562947;1563008;1563035;1563051;1563054;1563063;1563065;1563067;1563069;1563074;1563076;1563080;1563082;1563103;1563104;1563113;1563114;1563115;1563117;1563150;1563151;1563156;1563163;1563173;1563180;1563182;1563189;1563196;1563198;1563204;1563215;1563228;1563229;1563231;1563234,1567621;1568434;1568506;1568617;1568693;1568712;1568759,,1566865;1567621;1567622;1567741;1567897;1568117;1568128;1568258;1568282;1568326;1568358;1568390;1568434;1568476;1568506;1568617;1568634;1568667;1568669;1568674;1568675;1568680;1568687;1568690;1568693;1568701;1568702;1568703;1568704;1568712;1568718;1568724;1568729;1568736;1568748;1568759;1568797;1568806;1568811;1568829;1568833;1568835;1568840;1568842;1568848;1568849;1568851;1568859;1568867;1568869;1568871;1568874;1568879;1568880;1568882;1568886;1568887;1568888;1568891;1568892,1561283;1561552;1561858;1561946;1561975;1562043;1562282;1562553;1562732;1562808;1562834;1562843;1562863;1562866;1562912;1562917;1562918;1562920;1562925;1562932;1562947;1563008;1563035;1563051;1563054;1563063;1563065;1563067;1563069;1563074;1563076;1563080;1563082;1563103;1563104;1563113;1563114;1563115;1563117;1563150;1563151;1563156;1563163;1563173;1563180;1563182;1563189;1563196;1563198;1563204;1563215;1563228;1563229;1563231;1563234
2026-03-04,7,6,70,52,3,1,70,52,1568851;1568970;1569004;1569006;1569012;1569057;1569083,1561552;1563228;1563229;1563257;1563275;1563277,1563781;1564886;1566956;1567564;1567621;1567744;1567756;1567967;1568117;1568476;1568506;1568531;1568634;1568667;1568693;1568724;1568729;1568736;1568833;1568849;1568851;1568869;1568871;1568879;1568880;1568891;1568896;1568903;1568906;1568911;1568912;1568913;1568917;1568920;1568923;1568925;1568936;1568938;1568939;1568949;1568966;1568970;1568971;1568990;1569000;1569004;1569006;1569010;1569012;1569016;1569021;1569022;1569025;1569028;1569029;1569036;1569042;1569051;1569053;1569057;1569060;1569062;1569080;1569081;1569083;1569084;1569086;1569091;1569095;1569097,1561283;1561552;1561858;1562808;1562844;1562869;1562912;1562927;1563046;1563053;1563063;1563065;1563080;1563081;1563115;1563117;1563150;1563156;1563196;1563198;1563204;1563228;1563229;1563231;1563234;1563254;1563256;1563257;1563260;1563261;1563270;1563272;1563275;1563277;1563281;1563282;1563291;1563300;1563303;1563312;1563313;1563325;1563336;1563343;1563344;1563357;1563358;1563370;1563377;1563381;1563387;1563389,1568506;1568939;1569084,1563053,1563781;1564886;1566956;1567564;1567621;1567744;1567756;1567967;1568117;1568476;1568506;1568531;1568634;1568667;1568693;1568724;1568729;1568736;1568833;1568849;1568851;1568869;1568871;1568879;1568880;1568891;1568896;1568903;1568906;1568911;1568912;1568913;1568917;1568920;1568923;1568925;1568936;1568938;1568939;1568949;1568966;1568970;1568971;1568990;1569000;1569004;1569006;1569010;1569012;1569016;1569021;1569022;1569025;1569028;1569029;1569036;1569042;1569051;1569053;1569057;1569060;1569062;1569080;1569081;1569083;1569084;1569086;1569091;1569095;1569097,1561283;1561552;1561858;1562808;1562844;1562869;1562912;1562927;1563046;1563053;1563063;1563065;1563080;1563081;1563115;1563117;1563150;1563156;1563196;1563198;1563204;1563228;1563229;1563231;1563234;1563254;1563256;1563257;1563260;1563261;1563270;1563272;1563275;1563277;1563281;1563282;1563291;1563300;1563303;1563312;1563313;1563325;1563336;1563343;1563344;1563357;1563358;1563370;1563377;1563381;1563387;1563389
2026-03-05,7,7,55,60,3,2,55,60,1564330;1569106;1569126;1569179;1569189;1569196;1569215,1563277;1563343;1563402;1563427;1563475;1563541;1563576,1563578;1564330;1564886;1566274;1567744;1567939;1568117;1568326;1568352;1568667;1568729;1568833;1568882;1568886;1568920;1568936;1569016;1569021;1569057;1569060;1569062;1569081;1569084;1569106;1569109;1569110;1569111;1569115;1569119;1569121;1569122;1569126;1569128;1569132;1569133;1569142;1569143;1569148;1569154;1569155;1569157;1569170;1569171;1569174;1569179;1569189;1569196;1569207;1569211;1569215;1569218;1569230;1569248;1569252;1569259,1561708;1561845;1561858;1562043;1562956;1562983;1563003;1563081;1563115;1563117;1563156;1563234;1563256;1563277;1563282;1563300;1563312;1563325;1563336;1563343;1563370;1563381;1563387;1563389;1563402;1563404;1563412;1563418;1563427;1563431;1563435;1563439;1563441;1563443;1563448;1563456;1563459;1563462;1563475;1563477;1563478;1563485;1563491;1563497;1563516;1563517;1563524;1563526;1563530;1563536;1563541;1563543;1563551;1563555;1563556;1563562;1563563;1563569;1563576;1563577,1569084;1569143;1569189,1563277;1563343,1563578;1564330;1564886;1566274;1567744;1567939;1568117;1568326;1568352;1568667;1568729;1568833;1568882;1568886;1568920;1568936;1569016;1569021;1569057;1569060;1569062;1569081;1569084;1569106;1569109;1569110;1569111;1569115;1569119;1569121;1569122;1569126;1569128;1569132;1569133;1569142;1569143;1569148;1569154;1569155;1569157;1569170;1569171;1569174;1569179;1569189;1569196;1569207;1569211;1569215;1569218;1569230;1569248;1569252;1569259,1561708;1561845;1561858;1562043;1562956;1562983;1563003;1563081;1563115;1563117;1563156;1563234;1563256;1563277;1563282;1563300;1563312;1563325;1563336;1563343;1563370;1563381;1563387;1563389;1563402;1563404;1563412;1563418;1563427;1563431;1563435;1563439;1563441;1563443;1563448;1563456;1563459;1563462;1563475;1563477;1563478;1563485;1563491;1563497;1563516;1563517;1563524;1563526;1563530;1563536;1563541;1563543;1563551;1563555;1563556;1563562;1563563;1563569;1563576;1563577
2026-03-06,4,7,59,63,5,0,59,63,1564330;1569154;1569393;1569398,1563443;1563577;1563585;1563586;1563587;1563684;1563692,1564330;1565123;1566865;1567202;1568321;1568326;1568632;1568912;1569000;1569016;1569021;1569036;1569053;1569060;1569080;1569084;1569110;1569121;1569122;1569128;1569143;1569154;1569157;1569171;1569196;1569207;1569259;1569271;1569277;1569281;1569283;1569299;1569305;1569315;1569330;1569332;1569335;1569343;1569347;1569349;1569362;1569365;1569383;1569389;1569391;1569393;1569398;1569410;1569412;1569413;1569415;1569419;1569424;1569434;1569440;1569447;1569448;1569449;1569451,1561569;1562043;1562947;1563081;1563234;1563256;1563257;1563418;1563443;1563459;1563485;1563517;1563524;1563536;1563551;1563555;1563562;1563577;1563578;1563585;1563586;1563587;1563589;1563591;1563593;1563595;1563599;1563603;1563606;1563607;1563609;1563610;1563613;1563619;1563620;1563624;1563628;1563638;1563655;1563662;1563663;1563671;1563679;1563680;1563684;1563688;1563689;1563692;1563713;1563714;1563717;1563718;1563723;1563724;1563729;1563734;1563746;1563747;1563748;1563758;1563762;1563764;1563773,1568632;1568912;1569335;1569349;1569448,,1564330;1565123;1566865;1567202;1568321;1568326;1568632;1568912;1569000;1569016;1569021;1569036;1569053;1569060;1569080;1569084;1569110;1569121;1569122;1569128;1569143;1569154;1569157;1569171;1569196;1569207;1569259;1569271;1569277;1569281;1569283;1569299;1569305;1569315;1569330;1569332;1569335;1569343;1569347;1569349;1569362;1569365;1569383;1569389;1569391;1569393;1569398;1569410;1569412;1569413;1569415;1569419;1569424;1569434;1569440;1569447;1569448;1569449;1569451,1561569;1562043;1562947;1563081;1563234;1563256;1563257;1563418;1563443;1563459;1563485;1563517;1563524;1563536;1563551;1563555;1563562;1563577;1563578;1563585;1563586;1563587;1563589;1563591;1563593;1563595;1563599;1563603;1563606;1563607;1563609;1563610;1563613;1563619;1563620;1563624;1563628;1563638;1563655;1563662;1563663;1563671;1563679;1563680;1563684;1563688;1563689;1563692;1563713;1563714;1563717;1563718;1563723;1563724;1563729;1563734;1563746;1563747;1563748;1563758;1563762;1563764;1563773
2026-03-07,5,8,49,66,4,2,49,66,1567103;1569449;1569453;1569509;1569583,1563576;1563655;1563789;1563791;1563797;1563854;1563918;1563953,1566865;1567103;1567951;1568124;1568352;1568632;1568675;1569036;1569053;1569080;1569086;1569119;1569157;1569196;1569207;1569347;1569415;1569449;1569451;1569453;1569454;1569460;1569464;1569466;1569472;1569473;1569482;1569486;1569487;1569509;1569512;1569521;1569534;1569536;1569537;1569542;1569543;1569560;1569572;1569577;1569580;1569582;1569583;1569586;1569589;1569597;1569604;1569625;1569626,1561686;1562518;1562947;1563260;1563418;1563517;1563524;1563576;1563578;1563591;1563619;1563628;1563655;1563689;1563692;1563747;1563748;1563762;1563764;1563773;1563781;1563786;1563789;1563791;1563794;1563797;1563798;1563804;1563808;1563810;1563812;1563819;1563820;1563834;1563835;1563837;1563838;1563839;1563841;1563844;1563848;1563854;1563856;1563861;1563863;1563870;1563877;1563882;1563889;1563890;1563910;1563918;1563919;1563922;1563933;1563940;1563941;1563945;1563950;1563953;1563957;1563961;1563968;1563975;1563978;1563981,1568632;1569080;1569560;1569577,1563576;1563889,1566865;1567103;1567951;1568124;1568352;1568632;1568675;1569036;1569053;1569080;1569086;1569119;1569157;1569196;1569207;1569347;1569415;1569449;1569451;1569453;1569454;1569460;1569464;1569466;1569472;1569473;1569482;1569486;1569487;1569509;1569512;1569521;1569534;1569536;1569537;1569542;1569543;1569560;1569572;1569577;1569580;1569582;1569583;1569586;1569589;1569597;1569604;1569625;1569626,1561686;1562518;1562947;1563260;1563418;1563517;1563524;1563576;1563578;1563591;1563619;1563628;1563655;1563689;1563692;1563747;1563748;1563762;1563764;1563773;1563781;1563786;1563789;1563791;1563794;1563797;1563798;1563804;1563808;1563810;1563812;1563819;1563820;1563834;1563835;1563837;1563838;1563839;1563841;1563844;1563848;1563854;1563856;1563861;1563863;1563870;1563877;1563882;1563889;1563890;1563910;1563918;1563919;1563922;1563933;1563940;1563941;1563945;1563950;1563953;1563957;1563961;1563968;1563975;1563978;1563981
2026-03-08,7,11,43,58,5,1,43,58,1567103;1569448;1569724;1569763;1569764;1569787;1569790,1563585;1563961;1563978;1563989;1563998;1563999;1564019;1564028;1564066;1564112;1564113,1566865;1567103;1568352;1569000;1569021;1569121;1569362;1569389;1569410;1569448;1569453;1569460;1569473;1569482;1569512;1569542;1569577;1569580;1569582;1569589;1569625;1569641;1569644;1569649;1569650;1569655;1569669;1569670;1569684;1569693;1569703;1569715;1569724;1569730;1569758;1569763;1569764;1569779;1569782;1569787;1569790;1569791;1569801,1561858;1562353;1562808;1563344;1563418;1563576;1563585;1563692;1563791;1563854;1563910;1563922;1563940;1563950;1563953;1563961;1563978;1563981;1563987;1563989;1563996;1563998;1563999;1564001;1564017;1564019;1564021;1564028;1564034;1564038;1564042;1564055;1564056;1564057;1564066;1564067;1564078;1564079;1564080;1564087;1564095;1564097;1564098;1564100;1564105;1564112;1564113;1564116;1564117;1564119;1564127;1564138;1564141;1564142;1564143;1564148;1564149;1564150,1569448;1569577;1569715;1569730;1569782,1563999,1566865;1567103;1568352;1569000;1569021;1569121;1569362;1569389;1569410;1569448;1569453;1569460;1569473;1569482;1569512;1569542;1569577;1569580;1569582;1569589;1569625;1569641;1569644;1569649;1569650;1569655;1569669;1569670;1569684;1569693;1569703;1569715;1569724;1569730;1569758;1569763;1569764;1569779;1569782;1569787;1569790;1569791;1569801,1561858;1562353;1562808;1563344;1563418;1563576;1563585;1563692;1563791;1563854;1563910;1563922;1563940;1563950;1563953;1563961;1563978;1563981;1563987;1563989;1563996;1563998;1563999;1564001;1564017;1564019;1564021;1564028;1564034;1564038;1564042;1564055;1564056;1564057;1564066;1564067;1564078;1564079;1564080;1564087;1564095;1564097;1564098;1564100;1564105;1564112;1564113;1564116;1564117;1564119;1564127;1564138;1564141;1564142;1564143;1564148;1564149;1564150
2026-03-09,11,6,55,44,2,3,55,44,1569006;1569095;1569155;1569189;1569715;1569724;1569815;1569838;1569858;1569912;1569978,1564028;1564113;1564182;1564188;1564208;1564299,1564647;1565635;1568128;1568352;1568400;1568619;1569000;1569006;1569021;1569029;1569091;1569095;1569119;1569143;1569155;1569189;1569362;1569453;1569487;1569542;1569577;1569580;1569582;1569586;1569649;1569715;1569724;1569791;1569801;1569815;1569821;1569824;1569826;1569828;1569833;1569838;1569851;1569858;1569864;1569866;1569870;1569912;1569920;1569921;1569924;1569925;1569948;1569949;1569958;1569963;1569966;1569969;1569975;1569978;1569979,1563418;1563569;1563576;1563619;1563996;1563998;1564028;1564034;1564067;1564113;1564116;1564119;1564142;1564158;1564160;1564161;1564163;1564165;1564182;1564183;1564188;1564200;1564203;1564208;1564209;1564210;1564220;1564229;1564233;1564241;1564244;1564247;1564249;1564253;1564271;1564278;1564292;1564298;1564299;1564301;1564303;1564314;1564328;1564330,1569189;1569577,1564028;1564113;1564182,1564647;1565635;1568128;1568352;1568400;1568619;1569000;1569006;1569021;1569029;1569091;1569095;1569119;1569143;1569155;1569189;1569362;1569453;1569487;1569542;1569577;1569580;1569582;1569586;1569649;1569715;1569724;1569791;1569801;1569815;1569821;1569824;1569826;1569828;1569833;1569838;1569851;1569858;1569864;1569866;1569870;1569912;1569920;1569921;1569924;1569925;1569948;1569949;1569958;1569963;1569966;1569969;1569975;1569978;1569979,1563418;1563569;1563576;1563619;1563996;1563998;1564028;1564034;1564067;1564113;1564116;1564119;1564142;1564158;1564160;1564161;1564163;1564165;1564182;1564183;1564188;1564200;1564203;1564208;1564209;1564210;1564220;1564229;1564233;1564241;1564244;1564247;1564249;1564253;1564271;1564278;1564292;1564298;1564299;1564301;1564303;1564314;1564328;1564330
2026-03-10,9,8,69,72,4,3,69,72,1569453;1569649;1570002;1570005;1570054;1570139;1570140;1570147;1570151,1563585;1564055;1564337;1564351;1564356;1564392;1564405;1564491,1566885;1568258;1568434;1568603;1568632;1568892;1568911;1568917;1569095;1569362;1569453;1569487;1569521;1569649;1569833;1569925;1569948;1569949;1569963;1569969;1569975;1569990;1569995;1569998;1569999;1570002;1570005;1570010;1570016;1570017;1570025;1570026;1570028;1570040;1570050;1570054;1570056;1570057;1570060;1570066;1570079;1570081;1570091;1570100;1570101;1570107;1570120;1570122;1570128;1570130;1570134;1570138;1570139;1570140;1570141;1570142;1570147;1570148;1570151;1570153;1570156;1570163;1570164;1570166;1570167;1570168;1570170;1570171;1570176,1562288;1563585;1563589;1563619;1563877;1563882;1563933;1563953;1563996;1564055;1564087;1564105;1564112;1564127;1564138;1564161;1564188;1564200;1564209;1564229;1564233;1564247;1564249;1564298;1564299;1564301;1564303;1564314;1564328;1564330;1564334;1564335;1564336;1564337;1564339;1564340;1564346;1564351;1564352;1564354;1564356;1564359;1564361;1564370;1564371;1564375;1564378;1564380;1564385;1564392;1564398;1564405;1564413;1564418;1564419;1564420;1564424;1564427;1564439;1564452;1564454;1564458;1564460;1564467;1564472;1564475;1564482;1564484;1564489;1564491;1564492;1564500,1568632;1569453;1570017;1570056,1563585;1564299;1564351,1566885;1568258;1568434;1568603;1568632;1568892;1568911;1568917;1569095;1569362;1569453;1569487;1569521;1569649;1569833;1569925;1569948;1569949;1569963;1569969;1569975;1569990;1569995;1569998;1569999;1570002;1570005;1570010;1570016;1570017;1570025;1570026;1570028;1570040;1570050;1570054;1570056;1570057;1570060;1570066;1570079;1570081;1570091;1570100;1570101;1570107;1570120;1570122;1570128;1570130;1570134;1570138;1570139;1570140;1570141;1570142;1570147;1570148;1570151;1570153;1570156;1570163;1570164;1570166;1570167;1570168;1570170;1570171;1570176,1562288;1563585;1563589;1563619;1563877;1563882;1563933;1563953;1563996;1564055;1564087;1564105;1564112;1564127;1564138;1564161;1564188;1564200;1564209;1564229;1564233;1564247;1564249;1564298;1564299;1564301;1564303;1564314;1564328;1564330;1564334;1564335;1564336;1564337;1564339;1564340;1564346;1564351;1564352;1564354;1564356;1564359;1564361;1564370;1564371;1564375;1564378;1564380;1564385;1564392;1564398;1564405;1564413;1564418;1564419;1564420;1564424;1564427;1564439;1564452;1564454;1564458;1564460;1564467;1564472;1564475;1564482;1564484;1564489;1564491;1564492;1564500
2026-03-11,2,6,54,41,0,1,54,41,1569649;1570214,1564351;1564392;1564405;1564556;1564628;1564647,1565429;1568131;1568736;1569022;1569060;1569582;1569649;1569730;1570010;1570060;1570091;1570122;1570140;1570148;1570151;1570153;1570164;1570166;1570170;1570171;1570182;1570183;1570185;1570187;1570191;1570193;1570200;1570205;1570208;1570214;1570221;1570231;1570234;1570235;1570239;1570240;1570246;1570249;1570253;1570266;1570268;1570275;1570279;1570280;1570287;1570295;1570321;1570326;1570328;1570333;1570338;1570339;1570341;1570345,1563260;1563312;1563387;1563882;1563889;1563953;1563957;1563996;1564105;1564182;1564210;1564249;1564330;1564351;1564378;1564392;1564405;1564418;1564420;1564452;1564491;1564492;1564500;1564518;1564520;1564523;1564525;1564556;1564559;1564567;1564573;1564585;1564601;1564612;1564622;1564628;1564636;1564637;1564645;1564647;1564650,,1564556,1565429;1568131;1568736;1569022;1569060;1569582;1569649;1569730;1570010;1570060;1570091;1570122;1570140;1570148;1570151;1570153;1570164;1570166;1570170;1570171;1570182;1570183;1570185;1570187;1570191;1570193;1570200;1570205;1570208;1570214;1570221;1570231;1570234;1570235;1570239;1570240;1570246;1570249;1570253;1570266;1570268;1570275;1570279;1570280;1570287;1570295;1570321;1570326;1570328;1570333;1570338;1570339;1570341;1570345,1563260;1563312;1563387;1563882;1563889;1563953;1563957;1563996;1564105;1564182;1564210;1564249;1564330;1564351;1564378;1564392;1564405;1564418;1564420;1564452;1564491;1564492;1564500;1564518;1564520;1564523;1564525;1564556;1564559;1564567;1564573;1564585;1564601;1564612;1564622;1564628;1564636;1564637;1564645;1564647;1564650
2026-03-12,10,6,76,57,2,1,76,57,1569453;1569649;1570326;1570345;1570363;1570406;1570438;1570447;1570484;1570540,1562947;1564637;1564647;1564675;1564817;1564818,1563516;1565766;1567741;1567818;1568258;1568352;1568917;1569119;1569453;1569487;1569597;1569649;1569655;1569975;1570091;1570166;1570185;1570200;1570221;1570231;1570235;1570253;1570275;1570295;1570326;1570333;1570338;1570339;1570341;1570345;1570352;1570355;1570362;1570363;1570366;1570370;1570372;1570381;1570384;1570393;1570395;1570396;1570397;1570402;1570403;1570406;1570412;1570416;1570420;1570422;1570426;1570437;1570438;1570441;1570447;1570449;1570450;1570452;1570471;1570473;1570475;1570481;1570484;1570490;1570499;1570505;1570510;1570513;1570518;1570520;1570521;1570524;1570527;1570538;1570540;1570544,1562947;1563057;1563953;1563996;1564158;1564182;1564249;1564330;1564378;1564392;1564452;1564491;1564525;1564559;1564612;1564636;1564637;1564647;1564663;1564665;1564666;1564668;1564675;1564677;1564681;1564700;1564707;1564708;1564709;1564710;1564711;1564714;1564715;1564720;1564723;1564733;1564744;1564754;1564758;1564759;1564765;1564768;1564770;1564784;1564789;1564793;1564802;1564805;1564807;1564810;1564811;1564812;1564817;1564818;1564820;1564826;1564835,1568917;1570381,1564810,1563516;1565766;1567741;1567818;1568258;1568352;1568917;1569119;1569453;1569487;1569597;1569649;1569655;1569975;1570091;1570166;1570185;1570200;1570221;1570231;1570235;1570253;1570275;1570295;1570326;1570333;1570338;1570339;1570341;1570345;1570352;1570355;1570362;1570363;1570366;1570370;1570372;1570381;1570384;1570393;1570395;1570396;1570397;1570402;1570403;1570406;1570412;1570416;1570420;1570422;1570426;1570437;1570438;1570441;1570447;1570449;1570450;1570452;1570471;1570473;1570475;1570481;1570484;1570490;1570499;1570505;1570510;1570513;1570518;1570520;1570521;1570524;1570527;1570538;1570540;1570544,1562947;1563057;1563953;1563996;1564158;1564182;1564249;1564330;1564378;1564392;1564452;1564491;1564525;1564559;1564612;1564636;1564637;1564647;1564663;1564665;1564666;1564668;1564675;1564677;1564681;1564700;1564707;1564708;1564709;1564710;1564711;1564714;1564715;1564720;1564723;1564733;1564744;1564754;1564758;1564759;1564765;1564768;1564770;1564784;1564789;1564793;1564802;1564805;1564807;1564810;1564811;1564812;1564817;1564818;1564820;1564826;1564835
2026-03-13,6,4,48,55,2,5,48,55,1569453;1570187;1570556;1570563;1570577;1570581,1564556;1564842;1564869;1564871,1566865;1569453;1569487;1570134;1570163;1570187;1570268;1570333;1570381;1570403;1570412;1570426;1570475;1570510;1570521;1570524;1570538;1570544;1570548;1570556;1570557;1570558;1570559;1570560;1570563;1570576;1570577;1570581;1570582;1570587;1570594;1570603;1570611;1570614;1570622;1570625;1570629;1570638;1570646;1570666;1570670;1570672;1570673;1570674;1570691;1570692;1570700;1570703,1563057;1564158;1564210;1564330;1564351;1564420;1564556;1564681;1564709;1564723;1564759;1564805;1564811;1564812;1564820;1564826;1564835;1564840;1564841;1564842;1564845;1564846;1564855;1564869;1564871;1564875;1564878;1564886;1564894;1564895;1564896;1564903;1564906;1564912;1564917;1564920;1564926;1564938;1564946;1564955;1564959;1564973;1564974;1564977;1564979;1564992;1564994;1564996;1565000;1565004;1565009;1565012;1565015;1565027;1565032,1570557;1570558,1564330;1564556;1564871;1564926;1565000,1566865;1569453;1569487;1570134;1570163;1570187;1570268;1570333;1570381;1570403;1570412;1570426;1570475;1570510;1570521;1570524;1570538;1570544;1570548;1570556;1570557;1570558;1570559;1570560;1570563;1570576;1570577;1570581;1570582;1570587;1570594;1570603;1570611;1570614;1570622;1570625;1570629;1570638;1570646;1570666;1570670;1570672;1570673;1570674;1570691;1570692;1570700;1570703,1563057;1564158;1564210;1564330;1564351;1564420;1564556;1564681;1564709;1564723;1564759;1564805;1564811;1564812;1564820;1564826;1564835;1564840;1564841;1564842;1564845;1564846;1564855;1564869;1564871;1564875;1564878;1564886;1564894;1564895;1564896;1564903;1564906;1564912;1564917;1564920;1564926;1564938;1564946;1564955;1564959;1564973;1564974;1564977;1564979;1564992;1564994;1564996;1565000;1565004;1565009;1565012;1565015;1565027;1565032
2026-03-14,2,8,51,61,4,1,51,61,1570713;1570789,1564351;1564894;1565085;1565122;1565165;1565166;1565212;1565216,1566865;1567655;1567876;1568258;1569343;1569453;1569487;1569730;1570091;1570333;1570381;1570437;1570450;1570521;1570538;1570558;1570603;1570622;1570629;1570638;1570666;1570670;1570674;1570692;1570703;1570713;1570722;1570723;1570726;1570727;1570735;1570739;1570747;1570749;1570750;1570751;1570752;1570756;1570760;1570788;1570789;1570804;1570808;1570812;1570815;1570819;1570828;1570836;1570840;1570858;1570863,1563057;1564330;1564351;1564677;1564681;1564709;1564754;1564802;1564855;1564875;1564894;1564903;1564906;1564912;1564955;1564959;1565000;1565012;1565027;1565036;1565039;1565040;1565044;1565048;1565050;1565053;1565061;1565073;1565079;1565080;1565082;1565085;1565095;1565096;1565098;1565108;1565109;1565111;1565114;1565119;1565121;1565122;1565123;1565124;1565135;1565160;1565163;1565165;1565166;1565168;1565169;1565170;1565171;1565172;1565185;1565195;1565197;1565207;1565212;1565213;1565216,1568258;1569730;1570381;1570858,1564330,1566865;1567655;1567876;1568258;1569343;1569453;1569487;1569730;1570091;1570333;1570381;1570437;1570450;1570521;1570538;1570558;1570603;1570622;1570629;1570638;1570666;1570670;1570674;1570692;1570703;1570713;1570722;1570723;1570726;1570727;1570735;1570739;1570747;1570749;1570750;1570751;1570752;1570756;1570760;1570788;1570789;1570804;1570808;1570812;1570815;1570819;1570828;1570836;1570840;1570858;1570863,1563057;1564330;1564351;1564677;1564681;1564709;1564754;1564802;1564855;1564875;1564894;1564903;1564906;1564912;1564955;1564959;1565000;1565012;1565027;1565036;1565039;1565040;1565044;1565048;1565050;1565053;1565061;1565073;1565079;1565080;1565082;1565085;1565095;1565096;1565098;1565108;1565109;1565111;1565114;1565119;1565121;1565122;1565123;1565124;1565135;1565160;1565163;1565165;1565166;1565168;1565169;1565170;1565171;1565172;1565185;1565195;1565197;1565207;1565212;1565213;1565216
2026-03-15,4,7,42,61,1,2,42,61,1570874;1570975;1570995;1571025,1564351;1564894;1565212;1565223;1565294;1565315;1565371,1568434;1569343;1569453;1570321;1570333;1570338;1570339;1570381;1570538;1570670;1570674;1570727;1570750;1570788;1570858;1570863;1570866;1570867;1570874;1570903;1570906;1570907;1570908;1570909;1570915;1570925;1570932;1570933;1570966;1570975;1570987;1570991;1570992;1570995;1571006;1571015;1571016;1571017;1571019;1571020;1571025;1571026,1563418;1564330;1564351;1564637;1564681;1564711;1564723;1564770;1564802;1564811;1564869;1564894;1564959;1564979;1565012;1565039;1565073;1565085;1565095;1565124;1565135;1565172;1565212;1565223;1565224;1565232;1565236;1565240;1565242;1565246;1565255;1565264;1565278;1565288;1565289;1565290;1565291;1565294;1565296;1565307;1565308;1565309;1565311;1565312;1565314;1565315;1565324;1565334;1565343;1565345;1565348;1565352;1565355;1565369;1565371;1565372;1565377;1565378;1565381;1565383;1565387,1570925,1564351;1565294,1568434;1569343;1569453;1570321;1570333;1570338;1570339;1570381;1570538;1570670;1570674;1570727;1570750;1570788;1570858;1570863;1570866;1570867;1570874;1570903;1570906;1570907;1570908;1570909;1570915;1570925;1570932;1570933;1570966;1570975;1570987;1570991;1570992;1570995;1571006;1571015;1571016;1571017;1571019;1571020;1571025;1571026,1563418;1564330;1564351;1564637;1564681;1564711;1564723;1564770;1564802;1564811;1564869;1564894;1564959;1564979;1565012;1565039;1565073;1565085;1565095;1565124;1565135;1565172;1565212;1565223;1565224;1565232;1565236;1565240;1565242;1565246;1565255;1565264;1565278;1565288;1565289;1565290;1565291;1565294;1565296;1565307;1565308;1565309;1565311;1565312;1565314;1565315;1565324;1565334;1565343;1565345;1565348;1565352;1565355;1565369;1565371;1565372;1565377;1565378;1565381;1565383;1565387
2026-03-16,6,7,55,63,8,1,55,63,1570691;1571025;1571026;1571039;1571079;1571081,1564894;1565009;1565212;1565410;1565447;1565498;1565540,1565983;1569453;1569730;1569948;1570426;1570499;1570558;1570594;1570673;1570691;1570700;1570713;1570727;1570812;1570819;1570858;1570866;1570907;1570908;1570915;1570991;1571019;1571020;1571025;1571026;1571039;1571050;1571053;1571065;1571068;1571079;1571080;1571081;1571106;1571109;1571119;1571124;1571135;1571136;1571138;1571143;1571147;1571151;1571156;1571159;1571164;1571166;1571168;1571170;1571176;1571177;1571185;1571190;1571191;1571199,1563057;1563427;1563882;1564330;1564523;1564894;1565009;1565039;1565053;1565073;1565095;1565122;1565165;1565169;1565212;1565288;1565296;1565307;1565312;1565314;1565324;1565352;1565371;1565378;1565387;1565410;1565414;1565416;1565424;1565425;1565426;1565429;1565431;1565432;1565436;1565439;1565443;1565447;1565449;1565452;1565454;1565456;1565460;1565464;1565471;1565472;1565477;1565485;1565487;1565489;1565491;1565495;1565497;1565498;1565499;1565511;1565521;1565522;1565531;1565538;1565540;1565547;1565555,1569730;1570558;1570691;1570858;1571020;1571080;1571106;1571138,1565165,1565983;1569453;1569730;1569948;1570426;1570499;1570558;1570594;1570673;1570691;1570700;1570713;1570727;1570812;1570819;1570858;1570866;1570907;1570908;1570915;1570991;1571019;1571020;1571025;1571026;1571039;1571050;1571053;1571065;1571068;1571079;1571080;1571081;1571106;1571109;1571119;1571124;1571135;1571136;1571138;1571143;1571147;1571151;1571156;1571159;1571164;1571166;1571168;1571170;1571176;1571177;1571185;1571190;1571191;1571199,1563057;1563427;1563882;1564330;1564523;1564894;1565009;1565039;1565053;1565073;1565095;1565122;1565165;1565169;1565212;1565288;1565296;1565307;1565312;1565314;1565324;1565352;1565371;1565378;1565387;1565410;1565414;1565416;1565424;1565425;1565426;1565429;1565431;1565432;1565436;1565439;1565443;1565447;1565449;1565452;1565454;1565456;1565460;1565464;1565471;1565472;1565477;1565485;1565487;1565489;1565491;1565495;1565497;1565498;1565499;1565511;1565521;1565522;1565531;1565538;1565540;1565547;1565555
2026-03-17,3,5,48,47,3,1,48,47,1569453;1571220;1571361,1564802;1564894;1565581;1565662;1565722,1569349;1569453;1569703;1570426;1570723;1570866;1570915;1571026;1571109;1571147;1571156;1571170;1571177;1571190;1571191;1571199;1571205;1571206;1571211;1571215;1571220;1571222;1571227;1571233;1571238;1571245;1571253;1571255;1571260;1571262;1571277;1571282;1571285;1571286;1571322;1571327;1571328;1571335;1571343;1571344;1571347;1571352;1571361;1571368;1571372;1571382;1571385;1571390,1564351;1564710;1564802;1564894;1565012;1565165;1565236;1565311;1565312;1565324;1565489;1565538;1565547;1565555;1565566;1565567;1565570;1565572;1565581;1565584;1565586;1565593;1565598;1565605;1565608;1565610;1565616;1565620;1565624;1565626;1565627;1565630;1565635;1565646;1565653;1565656;1565662;1565684;1565691;1565695;1565703;1565710;1565719;1565720;1565722;1565734;1565735,1571220;1571262;1571285,1565735,1569349;1569453;1569703;1570426;1570723;1570866;1570915;1571026;1571109;1571147;1571156;1571170;1571177;1571190;1571191;1571199;1571205;1571206;1571211;1571215;1571220;1571222;1571227;1571233;1571238;1571245;1571253;1571255;1571260;1571262;1571277;1571282;1571285;1571286;1571322;1571327;1571328;1571335;1571343;1571344;1571347;1571352;1571361;1571368;1571372;1571382;1571385;1571390,1564351;1564710;1564802;1564894;1565012;1565165;1565236;1565311;1565312;1565324;1565489;1565538;1565547;1565555;1565566;1565567;1565570;1565572;1565581;1565584;1565586;1565593;1565598;1565605;1565608;1565610;1565616;1565620;1565624;1565626;1565627;1565630;1565635;1565646;1565653;1565656;1565662;1565684;1565691;1565695;1565703;1565710;1565719;1565720;1565722;1565734;1565735
2026-03-18,4,4,43,44,0,0,43,44,1571253;1571385;1571527;1571531,1565662;1565771;1565815;1565860,1569349;1569703;1569948;1570426;1570558;1570581;1570723;1570866;1571026;1571147;1571170;1571206;1571211;1571220;1571245;1571253;1571255;1571328;1571385;1571390;1571393;1571399;1571421;1571429;1571441;1571442;1571443;1571447;1571448;1571449;1571454;1571481;1571487;1571501;1571506;1571511;1571524;1571527;1571531;1571544;1571547;1571551;1571567,1564484;1564886;1565073;1565172;1565485;1565531;1565581;1565616;1565624;1565626;1565635;1565656;1565662;1565695;1565710;1565719;1565734;1565735;1565741;1565748;1565754;1565756;1565760;1565766;1565771;1565772;1565775;1565799;1565806;1565812;1565815;1565828;1565836;1565844;1565849;1565852;1565856;1565860;1565867;1565870;1565876;1565880;1565881;1565885,,,1569349;1569703;1569948;1570426;1570558;1570581;1570723;1570866;1571026;1571147;1571170;1571206;1571211;1571220;1571245;1571253;1571255;1571328;1571385;1571390;1571393;1571399;1571421;1571429;1571441;1571442;1571443;1571447;1571448;1571449;1571454;1571481;1571487;1571501;1571506;1571511;1571524;1571527;1571531;1571544;1571547;1571551;1571567,1564484;1564886;1565073;1565172;1565485;1565531;1565581;1565616;1565624;1565626;1565635;1565656;1565662;1565695;1565710;1565719;1565734;1565735;1565741;1565748;1565754;1565756;1565760;1565766;1565771;1565772;1565775;1565799;1565806;1565812;1565815;1565828;1565836;1565844;1565849;1565852;1565856;1565860;1565867;1565870;1565876;1565880;1565881;1565885
2026-03-19,7,8,53,69,2,4,53,69,1571481;1571531;1571597;1571666;1571697;1571698;1571717,1564556;1565009;1565815;1565860;1566016;1566017;1566028;1566044,1566885;1569454;1570091;1570333;1570420;1570499;1570992;1571109;1571147;1571206;1571220;1571222;1571245;1571390;1571442;1571448;1571481;1571487;1571506;1571531;1571544;1571551;1571567;1571577;1571583;1571591;1571597;1571607;1571610;1571611;1571619;1571622;1571624;1571633;1571642;1571649;1571650;1571666;1571680;1571683;1571686;1571687;1571693;1571694;1571695;1571696;1571697;1571698;1571705;1571706;1571707;1571717;1571718,1563882;1564556;1564612;1564869;1565009;1565124;1565135;1565172;1565240;1565314;1565495;1565497;1565522;1565567;1565586;1565605;1565610;1565624;1565656;1565710;1565756;1565760;1565806;1565815;1565828;1565852;1565860;1565876;1565880;1565881;1565885;1565889;1565904;1565914;1565915;1565919;1565924;1565926;1565928;1565937;1565945;1565947;1565960;1565967;1565973;1565980;1565981;1565983;1565986;1565987;1566000;1566001;1566002;1566003;1566007;1566016;1566017;1566018;1566019;1566020;1566021;1566025;1566028;1566044;1566048;1566049;1566053;1566056;1566057,1571633;1571717,1564556;1565586;1565828;1565880,1566885;1569454;1570091;1570333;1570420;1570499;1570992;1571109;1571147;1571206;1571220;1571222;1571245;1571390;1571442;1571448;1571481;1571487;1571506;1571531;1571544;1571551;1571567;1571577;1571583;1571591;1571597;1571607;1571610;1571611;1571619;1571622;1571624;1571633;1571642;1571649;1571650;1571666;1571680;1571683;1571686;1571687;1571693;1571694;1571695;1571696;1571697;1571698;1571705;1571706;1571707;1571717;1571718,1563882;1564556;1564612;1564869;1565009;1565124;1565135;1565172;1565240;1565314;1565495;1565497;1565522;1565567;1565586;1565605;1565610;1565624;1565656;1565710;1565756;1565760;1565806;1565815;1565828;1565852;1565860;1565876;1565880;1565881;1565885;1565889;1565904;1565914;1565915;1565919;1565924;1565926;1565928;1565937;1565945;1565947;1565960;1565967;1565973;1565980;1565981;1565983;1565986;1565987;1566000;1566001;1566002;1566003;1566007;1566016;1566017;1566018;1566019;1566020;1566021;1566025;1566028;1566044;1566048;1566049;1566053;1566056;1566057
2026-03-20,5,4,51,53,0,0,51,53,1571527;1571666;1571816;1571832;1571871,1565815;1566049;1566203;1566222,1567666;1569487;1570426;1570674;1570749;1571109;1571442;1571448;1571506;1571527;1571610;1571650;1571666;1571680;1571687;1571695;1571697;1571706;1571718;1571740;1571741;1571744;1571753;1571754;1571757;1571764;1571768;1571773;1571780;1571781;1571786;1571787;1571789;1571790;1571792;1571799;1571813;1571816;1571832;1571842;1571846;1571857;1571861;1571866;1571869;1571871;1571873;1571876;1571882;1571885;1571896,1564330;1564339;1564959;1565009;1565039;1565172;1565497;1565567;1565684;1565703;1565815;1565881;1566000;1566016;1566049;1566053;1566056;1566057;1566062;1566064;1566069;1566070;1566077;1566078;1566080;1566081;1566083;1566084;1566088;1566092;1566095;1566097;1566102;1566118;1566130;1566132;1566133;1566134;1566139;1566141;1566147;1566153;1566154;1566179;1566181;1566193;1566194;1566195;1566200;1566203;1566216;1566222;1566230,,,1567666;1569487;1570426;1570674;1570749;1571109;1571442;1571448;1571506;1571527;1571610;1571650;1571666;1571680;1571687;1571695;1571697;1571706;1571718;1571740;1571741;1571744;1571753;1571754;1571757;1571764;1571768;1571773;1571780;1571781;1571786;1571787;1571789;1571790;1571792;1571799;1571813;1571816;1571832;1571842;1571846;1571857;1571861;1571866;1571869;1571871;1571873;1571876;1571882;1571885;1571896,1564330;1564339;1564959;1565009;1565039;1565172;1565497;1565567;1565684;1565703;1565815;1565881;1566000;1566016;1566049;1566053;1566056;1566057;1566062;1566064;1566069;1566070;1566077;1566078;1566080;1566081;1566083;1566084;1566088;1566092;1566095;1566097;1566102;1566118;1566130;1566132;1566133;1566134;1566139;1566141;1566147;1566153;1566154;1566179;1566181;1566193;1566194;1566195;1566200;1566203;1566216;1566222;1566230
2026-03-21,6,3,38,54,0,1,38,54,1571900;1571904;1571916;1571958;1572005;1572016,1566249;1566301;1566319,1570581;1570819;1571448;1571740;1571741;1571792;1571846;1571857;1571866;1571869;1571885;1571900;1571902;1571904;1571910;1571914;1571916;1571918;1571927;1571929;1571930;1571936;1571950;1571958;1571962;1571963;1571967;1571973;1571980;1571995;1571997;1572005;1572014;1572016;1572019;1572022;1572027;1572028,1564339;1564715;1564723;1564758;1564826;1565185;1565223;1565377;1565511;1565627;1565656;1565766;1565880;1565915;1565919;1565987;1566084;1566102;1566193;1566194;1566195;1566203;1566216;1566222;1566242;1566244;1566245;1566247;1566249;1566250;1566262;1566263;1566274;1566279;1566293;1566297;1566298;1566301;1566316;1566319;1566327;1566337;1566339;1566340;1566349;1566350;1566365;1566385;1566386;1566391;1566395;1566397;1566407;1566414,,1566247,1570581;1570819;1571448;1571740;1571741;1571792;1571846;1571857;1571866;1571869;1571885;1571900;1571902;1571904;1571910;1571914;1571916;1571918;1571927;1571929;1571930;1571936;1571950;1571958;1571962;1571963;1571967;1571973;1571980;1571995;1571997;1572005;1572014;1572016;1572019;1572022;1572027;1572028,1564339;1564715;1564723;1564758;1564826;1565185;1565223;1565377;1565511;1565627;1565656;1565766;1565880;1565915;1565919;1565987;1566084;1566102;1566193;1566194;1566195;1566203;1566216;1566222;1566242;1566244;1566245;1566247;1566249;1566250;1566262;1566263;1566274;1566279;1566293;1566297;1566298;1566301;1566316;1566319;1566327;1566337;1566339;1566340;1566349;1566350;1566365;1566385;1566386;1566391;1566395;1566397;1566407;1566414
2026-03-22,11,5,33,48,1,1,33,48,1571285;1571448;1571799;1572016;1572022;1572051;1572071;1572076;1572104;1572151;1572169,1566301;1566414;1566523;1566565;1566571,1570819;1570925;1571285;1571448;1571799;1571958;1571963;1571980;1571995;1572005;1572016;1572019;1572022;1572027;1572028;1572049;1572051;1572056;1572058;1572060;1572068;1572070;1572071;1572076;1572088;1572104;1572121;1572134;1572151;1572165;1572166;1572169;1572178,1564758;1564946;1565684;1565710;1565844;1565915;1566222;1566249;1566274;1566301;1566337;1566349;1566385;1566397;1566414;1566426;1566427;1566431;1566434;1566436;1566439;1566442;1566444;1566445;1566447;1566455;1566458;1566459;1566464;1566484;1566499;1566502;1566505;1566522;1566523;1566540;1566541;1566544;1566546;1566557;1566558;1566561;1566565;1566569;1566571;1566573;1566579;1566582,1571285,1566301,1570819;1570925;1571285;1571448;1571799;1571958;1571963;1571980;1571995;1572005;1572016;1572019;1572022;1572027;1572028;1572049;1572051;1572056;1572058;1572060;1572068;1572070;1572071;1572076;1572088;1572104;1572121;1572134;1572151;1572165;1572166;1572169;1572178,1564758;1564946;1565684;1565710;1565844;1565915;1566222;1566249;1566274;1566301;1566337;1566349;1566385;1566397;1566414;1566426;1566427;1566431;1566434;1566436;1566439;1566442;1566444;1566445;1566447;1566455;1566458;1566459;1566464;1566484;1566499;1566502;1566505;1566522;1566523;1566540;1566541;1566544;1566546;1566557;1566558;1566561;1566565;1566569;1566571;1566573;1566579;1566582
2026-03-23,7,4,50,43,1,4,50,43,1571253;1571698;1571780;1572051;1572210;1572236;1572302,1566301;1566544;1566557;1566751,1567565;1571109;1571253;1571285;1571328;1571441;1571449;1571481;1571527;1571544;1571597;1571633;1571642;1571650;1571698;1571706;1571780;1571813;1571832;1571857;1571885;1571958;1571997;1572005;1572022;1572049;1572051;1572058;1572068;1572070;1572121;1572169;1572178;1572180;1572184;1572186;1572188;1572202;1572206;1572207;1572210;1572218;1572219;1572236;1572237;1572260;1572288;1572302;1572307;1572312,1564723;1564959;1565224;1565567;1565635;1565880;1566016;1566084;1566247;1566249;1566274;1566301;1566502;1566540;1566544;1566557;1566561;1566569;1566571;1566579;1566587;1566590;1566601;1566611;1566614;1566616;1566622;1566629;1566630;1566637;1566640;1566646;1566647;1566658;1566693;1566699;1566701;1566707;1566717;1566719;1566726;1566746;1566751,1571597,1566301;1566557;1566658;1566751,1567565;1571109;1571253;1571285;1571328;1571441;1571449;1571481;1571527;1571544;1571597;1571633;1571642;1571650;1571698;1571706;1571780;1571813;1571832;1571857;1571885;1571958;1571997;1572005;1572022;1572049;1572051;1572058;1572068;1572070;1572121;1572169;1572178;1572180;1572184;1572186;1572188;1572202;1572206;1572207;1572210;1572218;1572219;1572236;1572237;1572260;1572288;1572302;1572307;1572312,1564723;1564959;1565224;1565567;1565635;1565880;1566016;1566084;1566247;1566249;1566274;1566301;1566502;1566540;1566544;1566557;1566561;1566569;1566571;1566579;1566587;1566590;1566601;1566611;1566614;1566616;1566622;1566629;1566630;1566637;1566640;1566646;1566647;1566658;1566693;1566699;1566701;1566707;1566717;1566719;1566726;1566746;1566751
2026-03-24,8,3,47,45,1,1,47,45,1570381;1571253;1572104;1572236;1572359;1572428;1572448;1572462,1565223;1566876;1566880,1567565;1567654;1570381;1570819;1570925;1571253;1571344;1571650;1571705;1571997;1572104;1572186;1572236;1572302;1572312;1572317;1572321;1572322;1572325;1572328;1572333;1572335;1572336;1572343;1572346;1572350;1572355;1572356;1572358;1572359;1572383;1572387;1572414;1572428;1572429;1572436;1572437;1572439;1572447;1572448;1572452;1572461;1572462;1572466;1572473;1572476;1572480,1564723;1565223;1565710;1565880;1566049;1566274;1566544;1566561;1566629;1566630;1566640;1566699;1566751;1566753;1566754;1566757;1566758;1566759;1566763;1566774;1566779;1566783;1566784;1566795;1566796;1566797;1566801;1566805;1566806;1566810;1566849;1566851;1566861;1566862;1566863;1566864;1566865;1566871;1566876;1566878;1566879;1566880;1566885;1566889;1566892,1571344,1566810,1567565;1567654;1570381;1570819;1570925;1571253;1571344;1571650;1571705;1571997;1572104;1572186;1572236;1572302;1572312;1572317;1572321;1572322;1572325;1572328;1572333;1572335;1572336;1572343;1572346;1572350;1572355;1572356;1572358;1572359;1572383;1572387;1572414;1572428;1572429;1572436;1572437;1572439;1572447;1572448;1572452;1572461;1572462;1572466;1572473;1572476;1572480,1564723;1565223;1565710;1565880;1566049;1566274;1566544;1566561;1566629;1566630;1566640;1566699;1566751;1566753;1566754;1566757;1566758;1566759;1566763;1566774;1566779;1566783;1566784;1566795;1566796;1566797;1566801;1566805;1566806;1566810;1566849;1566851;1566861;1566862;1566863;1566864;1566865;1566871;1566876;1566878;1566879;1566880;1566885;1566889;1566892
2026-03-25,7,11,52,49,0,2,52,49,1572104;1572596;1572597;1572627;1572633;1572644;1572652,1564715;1566319;1566523;1566796;1566861;1566897;1566898;1566902;1566927;1566947;1567046,1571253;1571624;1571650;1571764;1571927;1571995;1572022;1572104;1572350;1572429;1572448;1572461;1572480;1572497;1572513;1572531;1572534;1572547;1572550;1572551;1572570;1572571;1572584;1572594;1572596;1572597;1572600;1572610;1572611;1572624;1572627;1572628;1572629;1572630;1572633;1572638;1572644;1572652;1572655;1572656;1572660;1572665;1572670;1572676;1572677;1572678;1572687;1572701;1572704;1572713;1572714;1572716,1564715;1564723;1565710;1565919;1566147;1566274;1566279;1566319;1566395;1566522;1566523;1566546;1566582;1566622;1566699;1566774;1566796;1566810;1566849;1566861;1566862;1566863;1566864;1566865;1566885;1566889;1566897;1566898;1566901;1566902;1566908;1566927;1566947;1566950;1566952;1566956;1566967;1566981;1566990;1566991;1567017;1567020;1567022;1567035;1567040;1567041;1567043;1567046;1567050,,1566319;1566810,1571253;1571624;1571650;1571764;1571927;1571995;1572022;1572104;1572350;1572429;1572448;1572461;1572480;1572497;1572513;1572531;1572534;1572547;1572550;1572551;1572570;1572571;1572584;1572594;1572596;1572597;1572600;1572610;1572611;1572624;1572627;1572628;1572629;1572630;1572633;1572638;1572644;1572652;1572655;1572656;1572660;1572665;1572670;1572676;1572677;1572678;1572687;1572701;1572704;1572713;1572714;1572716,1564715;1564723;1565710;1565919;1566147;1566274;1566279;1566319;1566395;1566522;1566523;1566546;1566582;1566622;1566699;1566774;1566796;1566810;1566849;1566861;1566862;1566863;1566864;1566865;1566885;1566889;1566897;1566898;1566901;1566902;1566908;1566927;1566947;1566950;1566952;1566956;1566967;1566981;1566990;1566991;1567017;1567020;1567022;1567035;1567040;1567041;1567043;1567046;1567050
2026-03-26,7,4,52,53,2,0,52,53,1571253;1571705;1572104;1572169;1572843;1572855;1572894,1566927;1567103;1567161;1567205,1570819;1571026;1571253;1571705;1571927;1571962;1571995;1572104;1572169;1572321;1572328;1572350;1572534;1572571;1572610;1572644;1572713;1572714;1572716;1572722;1572731;1572737;1572755;1572762;1572773;1572791;1572800;1572801;1572805;1572816;1572821;1572834;1572839;1572843;1572844;1572855;1572861;1572868;1572876;1572887;1572894;1572898;1572904;1572907;1572910;1572911;1572916;1572917;1572925;1572931;1572932;1572936,1564723;1566247;1566464;1566573;1566614;1566647;1566746;1566753;1566784;1566810;1566849;1566862;1566871;1566885;1566897;1566898;1566908;1566927;1566947;1566991;1567017;1567041;1567043;1567050;1567053;1567061;1567069;1567070;1567076;1567086;1567093;1567094;1567098;1567102;1567103;1567105;1567107;1567108;1567109;1567110;1567114;1567118;1567122;1567161;1567163;1567188;1567191;1567202;1567205;1567210;1567211;1567213;1567219,1570819;1572321,,1570819;1571026;1571253;1571705;1571927;1571962;1571995;1572104;1572169;1572321;1572328;1572350;1572534;1572571;1572610;1572644;1572713;1572714;1572716;1572722;1572731;1572737;1572755;1572762;1572773;1572791;1572800;1572801;1572805;1572816;1572821;1572834;1572839;1572843;1572844;1572855;1572861;1572868;1572876;1572887;1572894;1572898;1572904;1572907;1572910;1572911;1572916;1572917;1572925;1572931;1572932;1572936,1564723;1566247;1566464;1566573;1566614;1566647;1566746;1566753;1566784;1566810;1566849;1566862;1566871;1566885;1566897;1566898;1566908;1566927;1566947;1566991;1567017;1567041;1567043;1567050;1567053;1567061;1567069;1567070;1567076;1567086;1567093;1567094;1567098;1567102;1567103;1567105;1567107;1567108;1567109;1567110;1567114;1567118;1567122;1567161;1567163;1567188;1567191;1567202;1567205;1567210;1567211;1567213;1567219
2026-03-27,5,6,52,61,6,2,52,61,1572855;1572925;1572977;1573042;1573048,1566523;1566947;1567253;1567330;1567332;1567418,1571026;1571344;1571705;1571832;1571857;1572016;1572070;1572169;1572312;1572476;1572534;1572701;1572714;1572773;1572805;1572844;1572855;1572868;1572894;1572898;1572904;1572910;1572916;1572917;1572925;1572931;1572932;1572936;1572946;1572952;1572966;1572974;1572975;1572976;1572977;1572984;1572990;1572992;1572993;1572995;1572996;1572998;1573001;1573038;1573040;1573042;1573048;1573051;1573064;1573069;1573084;1573107,1564723;1564758;1565312;1565684;1565880;1566327;1566445;1566523;1566544;1566885;1566898;1566947;1567053;1567076;1567086;1567093;1567103;1567161;1567191;1567213;1567219;1567224;1567228;1567230;1567233;1567237;1567239;1567242;1567246;1567247;1567251;1567253;1567262;1567264;1567269;1567271;1567274;1567283;1567291;1567299;1567315;1567330;1567332;1567335;1567336;1567341;1567344;1567356;1567357;1567359;1567363;1567377;1567388;1567395;1567397;1567399;1567413;1567418;1567419;1567420;1567422,1571344;1572701;1572966;1572992;1573040;1573069,1567330;1567418,1571026;1571344;1571705;1571832;1571857;1572016;1572070;1572169;1572312;1572476;1572534;1572701;1572714;1572773;1572805;1572844;1572855;1572868;1572894;1572898;1572904;1572910;1572916;1572917;1572925;1572931;1572932;1572936;1572946;1572952;1572966;1572974;1572975;1572976;1572977;1572984;1572990;1572992;1572993;1572995;1572996;1572998;1573001;1573038;1573040;1573042;1573048;1573051;1573064;1573069;1573084;1573107,1564723;1564758;1565312;1565684;1565880;1566327;1566445;1566523;1566544;1566885;1566898;1566947;1567053;1567076;1567086;1567093;1567103;1567161;1567191;1567213;1567219;1567224;1567228;1567230;1567233;1567237;1567239;1567242;1567246;1567247;1567251;1567253;1567262;1567264;1567269;1567271;1567274;1567283;1567291;1567299;1567315;1567330;1567332;1567335;1567336;1567341;1567344;1567356;1567357;1567359;1567363;1567377;1567388;1567395;1567397;1567399;1567413;1567418;1567419;1567420;1567422
2026-03-28,9,6,37,74,4,4,37,74,1571026;1573147;1573155;1573159;1573186;1573200;1573205;1573237;1573240,1567205;1567443;1567488;1567601;1567642;1567666,1570819;1571026;1572805;1572894;1572952;1572966;1572974;1572992;1572995;1573069;1573140;1573146;1573147;1573150;1573155;1573159;1573165;1573170;1573173;1573175;1573186;1573187;1573189;1573200;1573205;1573208;1573237;1573240;1573247;1573252;1573262;1573287;1573290;1573293;1573295;1573298;1573299,1565429;1565748;1566327;1566464;1566885;1567053;1567191;1567202;1567205;1567213;1567228;1567237;1567246;1567271;1567274;1567363;1567397;1567399;1567419;1567420;1567428;1567429;1567443;1567452;1567461;1567466;1567472;1567476;1567488;1567491;1567517;1567528;1567535;1567542;1567545;1567546;1567556;1567563;1567564;1567565;1567577;1567586;1567594;1567601;1567604;1567607;1567610;1567613;1567620;1567621;1567622;1567623;1567624;1567626;1567628;1567632;1567636;1567642;1567643;1567645;1567650;1567654;1567655;1567662;1567663;1567664;1567666;1567668;1567669;1567673;1567676;1567677;1567678;1567681,1572992;1573165;1573237;1573240,1567205;1567488;1567620;1567621,1570819;1571026;1572805;1572894;1572952;1572966;1572974;1572992;1572995;1573069;1573140;1573146;1573147;1573150;1573155;1573159;1573165;1573170;1573173;1573175;1573186;1573187;1573189;1573200;1573205;1573208;1573237;1573240;1573247;1573252;1573262;1573287;1573290;1573293;1573295;1573298;1573299,1565429;1565748;1566327;1566464;1566885;1567053;1567191;1567202;1567205;1567213;1567228;1567237;1567246;1567271;1567274;1567363;1567397;1567399;1567419;1567420;1567428;1567429;1567443;1567452;1567461;1567466;1567472;1567476;1567488;1567491;1567517;1567528;1567535;1567542;1567545;1567546;1567556;1567563;1567564;1567565;1567577;1567586;1567594;1567601;1567604;1567607;1567610;1567613;1567620;1567621;1567622;1567623;1567624;1567626;1567628;1567632;1567636;1567642;1567643;1567645;1567650;1567654;1567655;1567662;1567663;1567664;1567666;1567668;1567669;1567673;1567676;1567677;1567678;1567681
2026-03-29,5,4,41,95,4,8,41,95,1573155;1573205;1573295;1573331;1573435,1565223;1567418;1567443;1567752,1571026;1571328;1572321;1572476;1572805;1572904;1572910;1572917;1572995;1573140;1573155;1573170;1573205;1573287;1573293;1573295;1573299;1573324;1573325;1573328;1573330;1573331;1573333;1573337;1573341;1573357;1573362;1573371;1573403;1573404;1573407;1573411;1573414;1573420;1573423;1573426;1573427;1573431;1573435;1573437;1573469,1563074;1565223;1566746;1566865;1566885;1567191;1567202;1567210;1567230;1567237;1567359;1567397;1567418;1567443;1567491;1567517;1567528;1567535;1567546;1567556;1567563;1567577;1567586;1567621;1567622;1567624;1567632;1567642;1567643;1567645;1567654;1567662;1567663;1567664;1567666;1567676;1567677;1567678;1567681;1567683;1567690;1567691;1567693;1567695;1567696;1567697;1567702;1567709;1567718;1567720;1567721;1567723;1567727;1567741;1567744;1567752;1567753;1567755;1567756;1567757;1567758;1567766;1567767;1567770;1567776;1567779;1567782;1567784;1567807;1567811;1567816;1567818;1567824;1567826;1567833;1567835;1567845;1567851;1567852;1567858;1567859;1567864;1567869;1567871;1567876;1567878;1567880;1567884;1567885;1567886;1567895;1567897;1567898;1567900;1567902,1571328;1572321;1573295;1573333,1567210;1567418;1567621;1567691;1567741;1567744;1567818;1567871,1571026;1571328;1572321;1572476;1572805;1572904;1572910;1572917;1572995;1573140;1573155;1573170;1573205;1573287;1573293;1573295;1573299;1573324;1573325;1573328;1573330;1573331;1573333;1573337;1573341;1573357;1573362;1573371;1573403;1573404;1573407;1573411;1573414;1573420;1573423;1573426;1573427;1573431;1573435;1573437;1573469,1563074;1565223;1566746;1566865;1566885;1567191;1567202;1567210;1567230;1567237;1567359;1567397;1567418;1567443;1567491;1567517;1567528;1567535;1567546;1567556;1567563;1567577;1567586;1567621;1567622;1567624;1567632;1567642;1567643;1567645;1567654;1567662;1567663;1567664;1567666;1567676;1567677;1567678;1567681;1567683;1567690;1567691;1567693;1567695;1567696;1567697;1567702;1567709;1567718;1567720;1567721;1567723;1567727;1567741;1567744;1567752;1567753;1567755;1567756;1567757;1567758;1567766;1567767;1567770;1567776;1567779;1567782;1567784;1567807;1567811;1567816;1567818;1567824;1567826;1567833;1567835;1567845;1567851;1567852;1567858;1567859;1567864;1567869;1567871;1567876;1567878;1567880;1567884;1567885;1567886;1567895;1567897;1567898;1567900;1567902
2026-03-30,8,5,47,74,1,8,47,74,1573435;1573469;1573484;1573560;1573590;1573602;1573614;1573637,1567655;1567916;1567918;1567960;1568007,1571610;1571958;1572476;1572910;1572917;1572966;1572974;1573262;1573293;1573331;1573371;1573411;1573426;1573431;1573435;1573437;1573469;1573476;1573484;1573493;1573504;1573512;1573515;1573520;1573522;1573543;1573549;1573560;1573564;1573566;1573571;1573576;1573579;1573582;1573590;1573601;1573602;1573603;1573614;1573620;1573621;1573623;1573628;1573635;1573637;1573638;1573644,1565223;1566630;1566865;1567191;1567202;1567397;1567517;1567528;1567621;1567624;1567654;1567655;1567662;1567666;1567678;1567691;1567723;1567727;1567741;1567744;1567752;1567766;1567770;1567776;1567869;1567876;1567886;1567895;1567897;1567898;1567900;1567904;1567907;1567916;1567917;1567918;1567926;1567936;1567939;1567948;1567949;1567951;1567956;1567959;1567960;1567961;1567965;1567967;1567969;1567970;1567971;1567976;1567977;1567979;1567989;1567990;1567998;1568004;1568007;1568011;1568019;1568020;1568022;1568029;1568048;1568051;1568059;1568075;1568092;1568094;1568111;1568112;1568113;1568117,1573437,1566865;1567621;1567691;1567741;1567897;1567917;1567959;1567961,1571610;1571958;1572476;1572910;1572917;1572966;1572974;1573262;1573293;1573331;1573371;1573411;1573426;1573431;1573435;1573437;1573469;1573476;1573484;1573493;1573504;1573512;1573515;1573520;1573522;1573543;1573549;1573560;1573564;1573566;1573571;1573576;1573579;1573582;1573590;1573601;1573602;1573603;1573614;1573620;1573621;1573623;1573628;1573635;1573637;1573638;1573644,1565223;1566630;1566865;1567191;1567202;1567397;1567517;1567528;1567621;1567624;1567654;1567655;1567662;1567666;1567678;1567691;1567723;1567727;1567741;1567744;1567752;1567766;1567770;1567776;1567869;1567876;1567886;1567895;1567897;1567898;1567900;1567904;1567907;1567916;1567917;1567918;1567926;1567936;1567939;1567948;1567949;1567951;1567956;1567959;1567960;1567961;1567965;1567967;1567969;1567970;1567971;1567976;1567977;1567979;1567989;1567990;1567998;1568004;1568007;1568011;1568019;1568020;1568022;1568029;1568048;1568051;1568059;1568075;1568092;1568094;1568111;1568112;1568113;1568117
2026-03-31,9,4,54,63,5,3,54,63,1573646;1573652;1573674;1573774;1573791;1573818;1573847;1573863;1573868,1568075;1568094;1568146;1568147,1572805;1573175;1573333;1573437;1573476;1573493;1573512;1573543;1573549;1573603;1573614;1573621;1573637;1573638;1573644;1573646;1573651;1573652;1573667;1573674;1573678;1573679;1573681;1573682;1573685;1573693;1573698;1573709;1573727;1573731;1573735;1573739;1573744;1573752;1573766;1573769;1573772;1573774;1573780;1573785;1573791;1573807;1573812;1573818;1573825;1573830;1573847;1573848;1573854;1573858;1573860;1573863;1573868;1573873,1564556;1567043;1567528;1567565;1567654;1567655;1567721;1567727;1567741;1567770;1567900;1567904;1567918;1567948;1567951;1567961;1567989;1567998;1568007;1568011;1568020;1568029;1568075;1568094;1568111;1568122;1568124;1568126;1568128;1568129;1568131;1568133;1568137;1568141;1568146;1568147;1568155;1568156;1568159;1568160;1568161;1568164;1568170;1568174;1568178;1568203;1568211;1568212;1568223;1568225;1568231;1568232;1568246;1568251;1568258;1568271;1568281;1568282;1568288;1568290;1568292;1568303;1568307,1573333;1573674;1573679;1573744;1573774,1568124;1568258;1568282,1572805;1573175;1573333;1573437;1573476;1573493;1573512;1573543;1573549;1573603;1573614;1573621;1573637;1573638;1573644;1573646;1573651;1573652;1573667;1573674;1573678;1573679;1573681;1573682;1573685;1573693;1573698;1573709;1573727;1573731;1573735;1573739;1573744;1573752;1573766;1573769;1573772;1573774;1573780;1573785;1573791;1573807;1573812;1573818;1573825;1573830;1573847;1573848;1573854;1573858;1573860;1573863;1573868;1573873,1564556;1567043;1567528;1567565;1567654;1567655;1567721;1567727;1567741;1567770;1567900;1567904;1567918;1567948;1567951;1567961;1567989;1567998;1568007;1568011;1568020;1568029;1568075;1568094;1568111;1568122;1568124;1568126;1568128;1568129;1568131;1568133;1568137;1568141;1568146;1568147;1568155;1568156;1568159;1568160;1568161;1568164;1568170;1568174;1568178;1568203;1568211;1568212;1568223;1568225;1568231;1568232;1568246;1568251;1568258;1568271;1568281;1568282;1568288;1568290;1568292;1568303;1568307
